05:13:13 | INFO     | Pik2Video                           | ============================================================
05:13:13 | INFO     | Pik2Video                           | Логирование настроено
05:13:13 | INFO     | Pik2Video                           | Режим DEBUG: False
05:13:13 | INFO     | Pik2Video                           | Файл логов: /Users/admin/Desktop/Pik2Video/logs/pik2video_2026-05-22.log
05:13:13 | INFO     | Pik2Video                           | ============================================================
05:13:13 | INFO     | src.pik2video.application.controller | FFmpeg найден при старте
05:13:22 | INFO     | src.pik2video.application.controller | Запрошен PREPARING_VIDEO
05:13:22 | INFO     | src.pik2video.application.controller | FFmpeg найден
05:13:27 | INFO     | src.pik2video.application.controller | Запрошен CANCEL_SESSION
16:47:44 | INFO     | Pik2Video                           | ============================================================
16:47:44 | INFO     | Pik2Video                           | Логирование настроено
16:47:44 | INFO     | Pik2Video                           | Режим DEBUG: False
16:47:44 | INFO     | Pik2Video                           | Файл логов: /Users/admin/Desktop/Pik2Video/logs/pik2video_2026-05-22.log
16:47:44 | INFO     | Pik2Video                           | ============================================================
16:47:44 | INFO     | src.pik2video.locale.translator     | Загружен язык: ru из /Users/admin/Desktop/Pik2Video/src/pik2video/locale/ru.json
16:47:44 | INFO     | src.pik2video.application.controller | FFmpeg найден при старте
16:47:46 | INFO     | Pik2Video                           | ============================================================
16:47:46 | INFO     | Pik2Video                           | Логирование настроено
16:47:46 | INFO     | Pik2Video                           | Режим DEBUG: False
16:47:46 | INFO     | Pik2Video                           | Файл логов: /Users/admin/Desktop/Pik2Video/logs/pik2video_2026-05-22.log
16:47:46 | INFO     | Pik2Video                           | ============================================================
16:47:46 | INFO     | src.pik2video.locale.translator     | Загружен язык: ru из /Users/admin/Desktop/Pik2Video/src/pik2video/locale/ru.json
16:47:46 | INFO     | src.pik2video.application.controller | FFmpeg найден при старте
16:48:32 | INFO     | src.pik2video.application.controller | Запрошен PREPARING_VIDEO
16:48:32 | INFO     | src.pik2video.application.controller | FFmpeg найден
16:48:36 | INFO     | src.pik2video.application.controller | Настройки сохранены
16:48:44 | INFO     | src.pik2video.application.controller | Настройки сохранены
16:48:46 | INFO     | src.pik2video.application.controller | Настройки сохранены
16:52:46 | INFO     | Pik2Video                           | ============================================================
16:52:46 | INFO     | Pik2Video                           | Логирование настроено
16:52:46 | INFO     | Pik2Video                           | Режим DEBUG: False
16:52:46 | INFO     | Pik2Video                           | Файл логов: /Users/admin/Desktop/Pik2Video/logs/pik2video_2026-05-22.log
16:52:46 | INFO     | Pik2Video                           | ============================================================
16:52:46 | INFO     | src.pik2video.locale.translator     | Загружен язык: ru из /Users/admin/Desktop/Pik2Video/src/pik2video/locale/ru.json
16:52:46 | INFO     | src.pik2video.application.controller | FFmpeg найден при старте
16:52:52 | INFO     | src.pik2video.application.controller | Запрошен PREPARING_VIDEO
16:52:52 | INFO     | src.pik2video.application.controller | FFmpeg найден
16:53:21 | INFO     | src.pik2video.application.controller | Запрошен CANCEL_SESSION
16:53:23 | INFO     | src.pik2video.application.controller | Запрошен PREPARING_SCREEN
16:53:23 | INFO     | src.pik2video.application.controller | FFmpeg найден
16:53:24 | INFO     | src.pik2video.application.controller | Запрошен CANCEL_SESSION
16:54:46 | INFO     | Pik2Video                           | ============================================================
16:54:46 | INFO     | Pik2Video                           | Логирование настроено
16:54:46 | INFO     | Pik2Video                           | Режим DEBUG: False
16:54:46 | INFO     | Pik2Video                           | Файл логов: /Users/admin/Desktop/Pik2Video/logs/pik2video_2026-05-22.log
16:54:46 | INFO     | Pik2Video                           | ============================================================
16:54:46 | INFO     | src.pik2video.locale.translator     | Загружен язык: ru из /Users/admin/Desktop/Pik2Video/src/pik2video/locale/ru.json
16:54:46 | INFO     | src.pik2video.application.controller | FFmpeg найден при старте
16:55:07 | INFO     | src.pik2video.application.controller | Настройки сохранены
16:56:17 | INFO     | src.pik2video.application.controller | Запрошен PREPARING_VIDEO
16:56:17 | INFO     | src.pik2video.application.controller | FFmpeg найден
16:56:20 | INFO     | src.pik2video.application.controller | Настройки сохранены
16:56:22 | INFO     | src.pik2video.application.controller | Настройки сохранены
16:56:24 | INFO     | src.pik2video.application.controller | Настройки сохранены
16:56:26 | INFO     | src.pik2video.application.controller | Настройки сохранены
16:56:31 | INFO     | src.pik2video.application.controller | Запрошен CANCEL_SESSION
16:56:35 | INFO     | src.pik2video.application.controller | Запрошен PREPARING_VIDEO
16:56:35 | INFO     | src.pik2video.application.controller | FFmpeg найден
16:58:19 | INFO     | src.pik2video.application.controller | Запрошен CANCEL_SESSION
16:58:25 | INFO     | src.pik2video.application.controller | Запрошен PREPARING_SCREEN
16:58:25 | INFO     | src.pik2video.application.controller | FFmpeg найден
16:58:26 | INFO     | src.pik2video.application.controller | Запрошен CANCEL_SESSION
17:06:02 | INFO     | Pik2Video                           | ============================================================
17:06:02 | INFO     | Pik2Video                           | Логирование настроено
17:06:02 | INFO     | Pik2Video                           | Режим DEBUG: False
17:06:02 | INFO     | Pik2Video                           | Файл логов: /Users/admin/Desktop/Pik2Video/logs/pik2video_2026-05-22.log
17:06:02 | INFO     | Pik2Video                           | ============================================================
17:06:03 | INFO     | src.pik2video.locale.translator     | Загружен язык: ru из /Users/admin/Desktop/Pik2Video/src/pik2video/locale/ru.json
17:06:03 | INFO     | src.pik2video.application.controller | FFmpeg найден при старте
17:06:05 | INFO     | src.pik2video.application.controller | Запрошен PREPARING_VIDEO
17:06:05 | INFO     | src.pik2video.application.controller | FFmpeg найден
17:06:16 | INFO     | src.pik2video.application.controller | Запрошен CANCEL_SESSION
17:07:49 | INFO     | src.pik2video.application.controller | Запрошен PREPARING_VIDEO
17:07:49 | INFO     | src.pik2video.application.controller | FFmpeg найден
17:07:56 | INFO     | src.pik2video.application.controller | Запрошен CANCEL_SESSION
17:13:21 | INFO     | src.pik2video.application.controller | Запрошен PREPARING_VIDEO
17:13:21 | INFO     | src.pik2video.application.controller | FFmpeg найден
17:13:36 | INFO     | src.pik2video.application.controller | Запрошен CANCEL_SESSION
17:16:25 | INFO     | Pik2Video                           | ============================================================
17:16:25 | INFO     | Pik2Video                           | Логирование настроено
17:16:25 | INFO     | Pik2Video                           | Режим DEBUG: True
17:16:25 | INFO     | Pik2Video                           | Файл логов: /Users/admin/Desktop/Pik2Video/logs/pik2video_2026-05-22.log
17:16:25 | INFO     | Pik2Video                           | ============================================================
17:16:25 | DEBUG    | src.pik2video.application.settings_model | Настройки загружены из /Users/admin/.pik2video/settings.json
17:16:25 | INFO     | src.pik2video.locale.translator     | Загружен язык: ru из /Users/admin/Desktop/Pik2Video/src/pik2video/locale/ru.json
17:16:25 | INFO     | src.pik2video.application.controller | FFmpeg найден при старте
17:16:25 | DEBUG    | src.pik2video.gui.windows           | retranslate_ui вызван, язык: ru
17:16:25 | DEBUG    | fsevents                            | NativeEvent(path="/Users/admin/Desktop/Pik2Video/src/pik2video/__pycache__/app.cpython-312.pyc", inode=12819208, flags=18000, id=221889463): is_file, is_xattr_mod
17:16:25 | DEBUG    | fsevents                            | queue_event FileModifiedEvent(src_path='/Users/admin/Desktop/Pik2Video/src/pik2video/__pycache__/app.cpython-312.pyc', dest_path='', event_type='modified', is_directory=False, is_synthetic=False)
17:16:25 | INFO     | Pik2Video                           | ============================================================
17:16:25 | INFO     | Pik2Video                           | Логирование настроено
17:16:25 | INFO     | Pik2Video                           | Режим DEBUG: True
17:16:25 | INFO     | Pik2Video                           | Файл логов: /Users/admin/Desktop/Pik2Video/logs/pik2video_2026-05-22.log
17:16:25 | INFO     | Pik2Video                           | ============================================================
17:16:26 | DEBUG    | src.pik2video.application.settings_model | Настройки загружены из /Users/admin/.pik2video/settings.json
17:16:26 | INFO     | src.pik2video.locale.translator     | Загружен язык: ru из /Users/admin/Desktop/Pik2Video/src/pik2video/locale/ru.json
17:16:26 | INFO     | src.pik2video.application.controller | FFmpeg найден при старте
17:16:26 | DEBUG    | src.pik2video.gui.windows           | retranslate_ui вызван, язык: ru
17:16:37 | INFO     | src.pik2video.application.controller | Запрошен PREPARING_VIDEO
17:16:37 | INFO     | src.pik2video.application.controller | FFmpeg найден
17:16:37 | DEBUG    | src.pik2video.application.controller | Отправляем state_changed: AppState.PREPARING_VIDEO
17:16:37 | DEBUG    | src.pik2video.app                   | Состояние: AppState.PREPARING_VIDEO
17:16:37 | DEBUG    | src.pik2video.app                   | always_on_top=True, is_preparing=True, should=True, current=True, state=AppState.PREPARING_VIDEO
17:16:37 | DEBUG    | src.pik2video.app                   | Показываем видео сессию в MainWindow
17:16:37 | DEBUG    | src.pik2video.app                   | Overlay показан
17:16:37 | DEBUG    | src.pik2video.gui.overlays          | Область обновлена из пресета: PySide6.QtCore.QRect(0, 0, 1440, 900)
17:16:37 | DEBUG    | src.pik2video.app                   | Установлен начальный пресет: {'x1': 0, 'y1': 0, 'x2': 1440, 'y2': 900}
17:16:37 | DEBUG    | src.pik2video.app                   | Окно пресетов показано
17:16:43 | DEBUG    | src.pik2video.app                   | Получены координаты: {'x1': 564, 'x2': 1201, 'y1': 107, 'y2': 677}
17:16:43 | DEBUG    | src.pik2video.application.controller | Регион установлен: {'left': 564, 'top': 107, 'width': 637, 'height': 570}
17:16:43 | DEBUG    | src.pik2video.app                   | Координаты переданы в контроллер
17:16:45 | INFO     | src.pik2video.application.controller | Запрошен CANCEL_SESSION
17:16:45 | DEBUG    | src.pik2video.application.controller | Очистка runtime-данных
17:16:45 | DEBUG    | src.pik2video.application.controller | Отправляем state_changed: AppState.IDLE
17:16:45 | DEBUG    | src.pik2video.app                   | Состояние: AppState.IDLE
17:16:45 | DEBUG    | src.pik2video.app                   | always_on_top=True, is_preparing=False, should=True, current=True, state=AppState.IDLE
17:16:45 | DEBUG    | src.pik2video.gui.windows           | retranslate_ui вызван, язык: ru
17:16:52 | INFO     | src.pik2video.application.controller | Запрошен PREPARING_VIDEO
17:16:52 | INFO     | src.pik2video.application.controller | FFmpeg найден
17:16:52 | DEBUG    | src.pik2video.application.controller | Отправляем state_changed: AppState.PREPARING_VIDEO
17:16:52 | DEBUG    | src.pik2video.app                   | Состояние: AppState.PREPARING_VIDEO
17:16:52 | DEBUG    | src.pik2video.app                   | always_on_top=True, is_preparing=True, should=True, current=True, state=AppState.PREPARING_VIDEO
17:16:52 | DEBUG    | src.pik2video.app                   | Показываем видео сессию в MainWindow
17:16:52 | DEBUG    | src.pik2video.app                   | Overlay показан
17:16:52 | DEBUG    | src.pik2video.gui.overlays          | Область обновлена из пресета: PySide6.QtCore.QRect(0, 0, 1440, 900)
17:16:52 | DEBUG    | src.pik2video.app                   | Установлен начальный пресет: {'x1': 0, 'y1': 0, 'x2': 1440, 'y2': 900}
17:16:52 | DEBUG    | src.pik2video.app                   | Окно пресетов показано
17:17:00 | DEBUG    | src.pik2video.app                   | Получены координаты: {'x1': 651, 'x2': 714, 'y1': 563, 'y2': 626}
17:17:00 | DEBUG    | src.pik2video.application.controller | Регион установлен: {'left': 651, 'top': 563, 'width': 63, 'height': 63}
17:17:00 | DEBUG    | src.pik2video.app                   | Координаты переданы в контроллер
17:17:22 | INFO     | src.pik2video.application.controller | Запрошен CANCEL_SESSION
17:17:22 | DEBUG    | src.pik2video.application.controller | Очистка runtime-данных
17:17:22 | DEBUG    | src.pik2video.application.controller | Отправляем state_changed: AppState.IDLE
17:17:22 | DEBUG    | src.pik2video.app                   | Состояние: AppState.IDLE
17:17:22 | DEBUG    | src.pik2video.app                   | always_on_top=True, is_preparing=False, should=True, current=True, state=AppState.IDLE
17:17:22 | DEBUG    | src.pik2video.gui.windows           | retranslate_ui вызван, язык: ru
17:17:27 | INFO     | src.pik2video.application.controller | Запрошен PREPARING_VIDEO
17:17:27 | INFO     | src.pik2video.application.controller | FFmpeg найден
17:17:27 | DEBUG    | src.pik2video.application.controller | Отправляем state_changed: AppState.PREPARING_VIDEO
17:17:27 | DEBUG    | src.pik2video.app                   | Состояние: AppState.PREPARING_VIDEO
17:17:27 | DEBUG    | src.pik2video.app                   | always_on_top=True, is_preparing=True, should=True, current=True, state=AppState.PREPARING_VIDEO
17:17:27 | DEBUG    | src.pik2video.app                   | Показываем видео сессию в MainWindow
17:17:27 | DEBUG    | src.pik2video.app                   | Overlay показан
17:17:27 | DEBUG    | src.pik2video.gui.overlays          | Область обновлена из пресета: PySide6.QtCore.QRect(0, 0, 1440, 900)
17:17:27 | DEBUG    | src.pik2video.app                   | Установлен начальный пресет: {'x1': 0, 'y1': 0, 'x2': 1440, 'y2': 900}
17:17:27 | DEBUG    | src.pik2video.app                   | Окно пресетов показано
17:17:38 | DEBUG    | src.pik2video.app                   | Получены координаты: {'x1': 406, 'x2': 573, 'y1': 551, 'y2': 602}
17:17:38 | DEBUG    | src.pik2video.application.controller | Регион установлен: {'left': 406, 'top': 551, 'width': 167, 'height': 51}
17:17:38 | DEBUG    | src.pik2video.app                   | Координаты переданы в контроллер
17:17:43 | INFO     | src.pik2video.application.controller | Запрошен CANCEL_SESSION
17:17:43 | DEBUG    | src.pik2video.application.controller | Очистка runtime-данных
17:17:43 | DEBUG    | src.pik2video.application.controller | Отправляем state_changed: AppState.IDLE
17:17:43 | DEBUG    | src.pik2video.app                   | Состояние: AppState.IDLE
17:17:43 | DEBUG    | src.pik2video.app                   | always_on_top=True, is_preparing=False, should=True, current=True, state=AppState.IDLE
17:17:43 | DEBUG    | src.pik2video.gui.windows           | retranslate_ui вызван, язык: ru
17:20:47 | DEBUG    | fsevents                            | NativeEvent(path="/Users/admin/Desktop/Pik2Video/src/pik2video/app.py", inode=4948456, flags=11400, id=221893575): is_file, is_inode_meta_mod, is_modified
17:20:47 | DEBUG    | fsevents                            | queue_event FileModifiedEvent(src_path='/Users/admin/Desktop/Pik2Video/src/pik2video/app.py', dest_path='', event_type='modified', is_directory=False, is_synthetic=False)
17:20:47 | INFO     | Pik2Video                           | ============================================================
17:20:47 | INFO     | Pik2Video                           | Логирование настроено
17:20:47 | INFO     | Pik2Video                           | Режим DEBUG: False
17:20:47 | INFO     | Pik2Video                           | Файл логов: /Users/admin/Desktop/Pik2Video/logs/pik2video_2026-05-22.log
17:20:47 | INFO     | Pik2Video                           | ============================================================
17:20:47 | INFO     | src.pik2video.locale.translator     | Загружен язык: ru из /Users/admin/Desktop/Pik2Video/src/pik2video/locale/ru.json
17:20:47 | INFO     | src.pik2video.application.controller | FFmpeg найден при старте
17:20:48 | INFO     | Pik2Video                           | ============================================================
17:20:48 | INFO     | Pik2Video                           | Логирование настроено
17:20:48 | INFO     | Pik2Video                           | Режим DEBUG: False
17:20:48 | INFO     | Pik2Video                           | Файл логов: /Users/admin/Desktop/Pik2Video/logs/pik2video_2026-05-22.log
17:20:48 | INFO     | Pik2Video                           | ============================================================
17:20:48 | INFO     | src.pik2video.locale.translator     | Загружен язык: ru из /Users/admin/Desktop/Pik2Video/src/pik2video/locale/ru.json
17:20:48 | INFO     | src.pik2video.application.controller | FFmpeg найден при старте
17:21:02 | INFO     | Pik2Video                           | ============================================================
17:21:02 | INFO     | Pik2Video                           | Логирование настроено
17:21:02 | INFO     | Pik2Video                           | Режим DEBUG: False
17:21:02 | INFO     | Pik2Video                           | Файл логов: /Users/admin/Desktop/Pik2Video/logs/pik2video_2026-05-22.log
17:21:02 | INFO     | Pik2Video                           | ============================================================
17:21:03 | INFO     | src.pik2video.locale.translator     | Загружен язык: ru из /Users/admin/Desktop/Pik2Video/src/pik2video/locale/ru.json
17:21:03 | INFO     | src.pik2video.application.controller | FFmpeg найден при старте
17:21:13 | INFO     | Pik2Video                           | ============================================================
17:21:13 | INFO     | Pik2Video                           | Логирование настроено
17:21:13 | INFO     | Pik2Video                           | Режим DEBUG: True
17:21:13 | INFO     | Pik2Video                           | Файл логов: /Users/admin/Desktop/Pik2Video/logs/pik2video_2026-05-22.log
17:21:13 | INFO     | Pik2Video                           | ============================================================
17:21:13 | DEBUG    | src.pik2video.application.settings_model | Настройки загружены из /Users/admin/.pik2video/settings.json
17:21:13 | INFO     | src.pik2video.locale.translator     | Загружен язык: ru из /Users/admin/Desktop/Pik2Video/src/pik2video/locale/ru.json
17:21:13 | INFO     | src.pik2video.application.controller | FFmpeg найден при старте
17:21:13 | DEBUG    | src.pik2video.gui.windows           | retranslate_ui вызван, язык: ru
18:07:03 | DEBUG    | fsevents                            | NativeEvent(path="/Users/admin/Desktop/Pik2Video/src/pik2video/gui/overlays.py", inode=7381394, flags=11400, id=222023611): is_file, is_inode_meta_mod, is_modified
18:07:03 | DEBUG    | fsevents                            | queue_event FileModifiedEvent(src_path='/Users/admin/Desktop/Pik2Video/src/pik2video/gui/overlays.py', dest_path='', event_type='modified', is_directory=False, is_synthetic=False)
18:07:04 | INFO     | Pik2Video                           | ============================================================
18:07:04 | INFO     | Pik2Video                           | Логирование настроено
18:07:04 | INFO     | Pik2Video                           | Режим DEBUG: True
18:07:04 | INFO     | Pik2Video                           | Файл логов: /Users/admin/Desktop/Pik2Video/logs/pik2video_2026-05-22.log
18:07:04 | INFO     | Pik2Video                           | ============================================================
18:07:04 | DEBUG    | fsevents                            | NativeEvent(path="/Users/admin/Desktop/Pik2Video/src/pik2video/gui/__pycache__/overlays.cpython-312.pyc.4705019696", inode=12828906, flags=19900, id=222023679): is_coalesced, is_created, is_file, is_modified, is_renamed, is_xattr_mod
18:07:04 | DEBUG    | fsevents                            | NativeEvent(path="/Users/admin/Desktop/Pik2Video/src/pik2video/gui/__pycache__/overlays.cpython-312.pyc", inode=12828906, flags=10800, id=222023680): is_file, is_renamed
18:07:04 | DEBUG    | fsevents                            | NativeEvent(path="/Users/admin/Desktop/Pik2Video/src/pik2video/gui/__pycache__/overlays.cpython-312.pyc", inode=12818093, flags=10800, id=222023681): is_file, is_renamed
18:07:04 | DEBUG    | fsevents                            | queue_event FileCreatedEvent(src_path='/Users/admin/Desktop/Pik2Video/src/pik2video/gui/__pycache__/overlays.cpython-312.pyc.4705019696', dest_path='', event_type='created', is_directory=False, is_synthetic=False)
18:07:04 | DEBUG    | fsevents                            | queue_event DirModifiedEvent(src_path='/Users/admin/Desktop/Pik2Video/src/pik2video/gui/__pycache__', dest_path='', event_type='modified', is_directory=True, is_synthetic=False)
18:07:04 | DEBUG    | src.pik2video.application.settings_model | Настройки загружены из /Users/admin/.pik2video/settings.json
18:07:04 | DEBUG    | fsevents                            | queue_event FileModifiedEvent(src_path='/Users/admin/Desktop/Pik2Video/src/pik2video/gui/__pycache__/overlays.cpython-312.pyc.4705019696', dest_path='', event_type='modified', is_directory=False, is_synthetic=False)
18:07:04 | DEBUG    | fsevents                            | Destination event for rename is NativeEvent(path="/Users/admin/Desktop/Pik2Video/src/pik2video/gui/__pycache__/overlays.cpython-312.pyc", inode=12828906, flags=10800, id=222023680)
18:07:04 | DEBUG    | fsevents                            | queue_event FileMovedEvent(src_path='/Users/admin/Desktop/Pik2Video/src/pik2video/gui/__pycache__/overlays.cpython-312.pyc.4705019696', dest_path='/Users/admin/Desktop/Pik2Video/src/pik2video/gui/__pycache__/overlays.cpython-312.pyc', event_type='moved', is_directory=False, is_synthetic=False)
18:07:04 | DEBUG    | fsevents                            | queue_event DirModifiedEvent(src_path='/Users/admin/Desktop/Pik2Video/src/pik2video/gui/__pycache__', dest_path='', event_type='modified', is_directory=True, is_synthetic=False)
18:07:04 | DEBUG    | fsevents                            | queue_event DirModifiedEvent(src_path='/Users/admin/Desktop/Pik2Video/src/pik2video/gui/__pycache__', dest_path='', event_type='modified', is_directory=True, is_synthetic=False)
18:07:04 | INFO     | src.pik2video.locale.translator     | Загружен язык: ru из /Users/admin/Desktop/Pik2Video/src/pik2video/locale/ru.json
18:07:04 | DEBUG    | fsevents                            | queue_event FileDeletedEvent(src_path='/Users/admin/Desktop/Pik2Video/src/pik2video/gui/__pycache__/overlays.cpython-312.pyc', dest_path='', event_type='deleted', is_directory=False, is_synthetic=False)
18:07:04 | DEBUG    | fsevents                            | queue_event DirModifiedEvent(src_path='/Users/admin/Desktop/Pik2Video/src/pik2video/gui/__pycache__', dest_path='', event_type='modified', is_directory=True, is_synthetic=False)
18:07:04 | INFO     | src.pik2video.application.controller | FFmpeg найден при старте
18:07:04 | DEBUG    | src.pik2video.gui.windows           | retranslate_ui вызван, язык: ru
18:07:06 | INFO     | src.pik2video.application.controller | Запрошен PREPARING_VIDEO
18:07:06 | INFO     | src.pik2video.application.controller | FFmpeg найден
18:07:06 | DEBUG    | src.pik2video.application.controller | Отправляем state_changed: AppState.PREPARING_VIDEO
18:07:06 | DEBUG    | src.pik2video.app                   | Состояние: AppState.PREPARING_VIDEO
18:07:06 | DEBUG    | src.pik2video.app                   | always_on_top=True, is_preparing=True, should=True, current=True, state=AppState.PREPARING_VIDEO
18:07:06 | DEBUG    | src.pik2video.app                   | Показываем видео сессию в MainWindow
18:07:06 | DEBUG    | src.pik2video.app                   | Overlay показан
18:07:06 | DEBUG    | src.pik2video.gui.overlays          | Область обновлена из пресета: PySide6.QtCore.QRect(0, 0, 1440, 900)
18:07:06 | DEBUG    | src.pik2video.app                   | Установлен начальный пресет: {'x1': 0, 'y1': 0, 'x2': 1440, 'y2': 900}
18:07:06 | DEBUG    | src.pik2video.app                   | Окно пресетов показано
18:07:10 | DEBUG    | src.pik2video.app                   | Получены координаты: {'x1': 353, 'x2': 839, 'y1': 304, 'y2': 667}
18:07:10 | DEBUG    | src.pik2video.application.controller | Регион установлен: {'left': 353, 'top': 304, 'width': 486, 'height': 363}
18:07:10 | DEBUG    | src.pik2video.app                   | Координаты переданы в контроллер
18:07:12 | DEBUG    | src.pik2video.app                   | Получены координаты: {'x1': 361, 'x2': 1079, 'y1': 229, 'y2': 477}
18:07:12 | DEBUG    | src.pik2video.application.controller | Регион установлен: {'left': 361, 'top': 229, 'width': 718, 'height': 248}
18:07:12 | DEBUG    | src.pik2video.app                   | Координаты переданы в контроллер
18:07:15 | DEBUG    | src.pik2video.app                   | Получены координаты: {'x1': 349, 'x2': 912, 'y1': 229, 'y2': 767}
18:07:15 | DEBUG    | src.pik2video.application.controller | Регион установлен: {'left': 349, 'top': 229, 'width': 563, 'height': 538}
18:07:15 | DEBUG    | src.pik2video.app                   | Координаты переданы в контроллер
18:07:24 | INFO     | src.pik2video.application.controller | Запрошен CANCEL_SESSION
18:07:24 | DEBUG    | src.pik2video.application.controller | Очистка runtime-данных
18:07:24 | DEBUG    | src.pik2video.application.controller | Отправляем state_changed: AppState.IDLE
18:07:24 | DEBUG    | src.pik2video.app                   | Состояние: AppState.IDLE
18:07:24 | DEBUG    | src.pik2video.app                   | always_on_top=True, is_preparing=False, should=True, current=True, state=AppState.IDLE
18:07:24 | DEBUG    | src.pik2video.gui.windows           | retranslate_ui вызван, язык: ru
18:07:26 | DEBUG    | src.pik2video.gui.windows           | вызван closeEvent. Текущая сессия завершена
18:07:29 | INFO     | Pik2Video                           | ============================================================
18:07:29 | INFO     | Pik2Video                           | Логирование настроено
18:07:29 | INFO     | Pik2Video                           | Режим DEBUG: True
18:07:29 | INFO     | Pik2Video                           | Файл логов: /Users/admin/Desktop/Pik2Video/logs/pik2video_2026-05-22.log
18:07:29 | INFO     | Pik2Video                           | ============================================================
18:07:29 | DEBUG    | src.pik2video.application.settings_model | Настройки загружены из /Users/admin/.pik2video/settings.json
18:07:29 | INFO     | src.pik2video.locale.translator     | Загружен язык: ru из /Users/admin/Desktop/Pik2Video/src/pik2video/locale/ru.json
18:07:29 | INFO     | src.pik2video.application.controller | FFmpeg найден при старте
18:07:29 | DEBUG    | src.pik2video.gui.windows           | retranslate_ui вызван, язык: ru
18:07:31 | INFO     | src.pik2video.application.controller | Запрошен PREPARING_VIDEO
18:07:31 | INFO     | src.pik2video.application.controller | FFmpeg найден
18:07:31 | DEBUG    | src.pik2video.application.controller | Отправляем state_changed: AppState.PREPARING_VIDEO
18:07:31 | DEBUG    | src.pik2video.app                   | Состояние: AppState.PREPARING_VIDEO
18:07:31 | DEBUG    | src.pik2video.app                   | always_on_top=True, is_preparing=True, should=True, current=True, state=AppState.PREPARING_VIDEO
18:07:31 | DEBUG    | src.pik2video.app                   | Показываем видео сессию в MainWindow
18:07:31 | DEBUG    | src.pik2video.app                   | Overlay показан
18:07:31 | DEBUG    | src.pik2video.gui.overlays          | Область обновлена из пресета: PySide6.QtCore.QRect(0, 0, 1440, 900)
18:07:31 | DEBUG    | src.pik2video.app                   | Установлен начальный пресет: {'x1': 0, 'y1': 0, 'x2': 1440, 'y2': 900}
18:07:31 | DEBUG    | src.pik2video.app                   | Окно пресетов показано
18:07:32 | DEBUG    | src.pik2video.app                   | Получены координаты: {'x1': 357, 'x2': 940, 'y1': 248, 'y2': 672}
18:07:32 | DEBUG    | src.pik2video.application.controller | Регион установлен: {'left': 357, 'top': 248, 'width': 583, 'height': 424}
18:07:32 | DEBUG    | src.pik2video.app                   | Координаты переданы в контроллер
18:07:35 | INFO     | src.pik2video.application.controller | Запрошен CANCEL_SESSION
18:07:35 | DEBUG    | src.pik2video.application.controller | Очистка runtime-данных
18:07:35 | DEBUG    | src.pik2video.application.controller | Отправляем state_changed: AppState.IDLE
18:07:35 | DEBUG    | src.pik2video.app                   | Состояние: AppState.IDLE
18:07:35 | DEBUG    | src.pik2video.app                   | always_on_top=True, is_preparing=False, should=True, current=True, state=AppState.IDLE
18:07:35 | DEBUG    | src.pik2video.gui.windows           | retranslate_ui вызван, язык: ru
18:07:36 | DEBUG    | src.pik2video.gui.windows           | вызван closeEvent. Текущая сессия завершена
18:10:28 | INFO     | Pik2Video                           | ============================================================
18:10:28 | INFO     | Pik2Video                           | Логирование настроено
18:10:28 | INFO     | Pik2Video                           | Режим DEBUG: True
18:10:28 | INFO     | Pik2Video                           | Файл логов: /Users/admin/Desktop/Pik2Video/logs/pik2video_2026-05-22.log
18:10:28 | INFO     | Pik2Video                           | ============================================================
18:10:28 | DEBUG    | fsevents                            | NativeEvent(path="/Users/admin/Desktop/Pik2Video/src/pik2video/gui/__pycache__/overlays.cpython-312.pyc.4625000368", inode=12829333, flags=19900, id=222030452): is_coalesced, is_created, is_file, is_modified, is_renamed, is_xattr_mod
18:10:28 | DEBUG    | fsevents                            | NativeEvent(path="/Users/admin/Desktop/Pik2Video/src/pik2video/gui/__pycache__/overlays.cpython-312.pyc", inode=12829333, flags=10800, id=222030453): is_file, is_renamed
18:10:28 | DEBUG    | fsevents                            | NativeEvent(path="/Users/admin/Desktop/Pik2Video/src/pik2video/gui/__pycache__/overlays.cpython-312.pyc", inode=12828906, flags=10800, id=222030454): is_file, is_renamed
18:10:28 | DEBUG    | fsevents                            | queue_event FileCreatedEvent(src_path='/Users/admin/Desktop/Pik2Video/src/pik2video/gui/__pycache__/overlays.cpython-312.pyc.4625000368', dest_path='', event_type='created', is_directory=False, is_synthetic=False)
18:10:28 | DEBUG    | fsevents                            | queue_event DirModifiedEvent(src_path='/Users/admin/Desktop/Pik2Video/src/pik2video/gui/__pycache__', dest_path='', event_type='modified', is_directory=True, is_synthetic=False)
18:10:28 | DEBUG    | src.pik2video.application.settings_model | Настройки загружены из /Users/admin/.pik2video/settings.json
18:10:28 | DEBUG    | fsevents                            | queue_event FileModifiedEvent(src_path='/Users/admin/Desktop/Pik2Video/src/pik2video/gui/__pycache__/overlays.cpython-312.pyc.4625000368', dest_path='', event_type='modified', is_directory=False, is_synthetic=False)
18:10:28 | DEBUG    | fsevents                            | Destination event for rename is NativeEvent(path="/Users/admin/Desktop/Pik2Video/src/pik2video/gui/__pycache__/overlays.cpython-312.pyc", inode=12829333, flags=10800, id=222030453)
18:10:28 | DEBUG    | fsevents                            | queue_event FileMovedEvent(src_path='/Users/admin/Desktop/Pik2Video/src/pik2video/gui/__pycache__/overlays.cpython-312.pyc.4625000368', dest_path='/Users/admin/Desktop/Pik2Video/src/pik2video/gui/__pycache__/overlays.cpython-312.pyc', event_type='moved', is_directory=False, is_synthetic=False)
18:10:28 | DEBUG    | fsevents                            | queue_event DirModifiedEvent(src_path='/Users/admin/Desktop/Pik2Video/src/pik2video/gui/__pycache__', dest_path='', event_type='modified', is_directory=True, is_synthetic=False)
18:10:28 | DEBUG    | fsevents                            | queue_event DirModifiedEvent(src_path='/Users/admin/Desktop/Pik2Video/src/pik2video/gui/__pycache__', dest_path='', event_type='modified', is_directory=True, is_synthetic=False)
18:10:28 | INFO     | src.pik2video.locale.translator     | Загружен язык: ru из /Users/admin/Desktop/Pik2Video/src/pik2video/locale/ru.json
18:10:28 | DEBUG    | fsevents                            | queue_event FileDeletedEvent(src_path='/Users/admin/Desktop/Pik2Video/src/pik2video/gui/__pycache__/overlays.cpython-312.pyc', dest_path='', event_type='deleted', is_directory=False, is_synthetic=False)
18:10:28 | DEBUG    | fsevents                            | queue_event DirModifiedEvent(src_path='/Users/admin/Desktop/Pik2Video/src/pik2video/gui/__pycache__', dest_path='', event_type='modified', is_directory=True, is_synthetic=False)
18:10:28 | INFO     | src.pik2video.application.controller | FFmpeg найден при старте
18:10:28 | DEBUG    | src.pik2video.gui.windows           | retranslate_ui вызван, язык: ru
18:10:30 | INFO     | src.pik2video.application.controller | Запрошен PREPARING_VIDEO
18:10:30 | INFO     | src.pik2video.application.controller | FFmpeg найден
18:10:30 | DEBUG    | src.pik2video.application.controller | Отправляем state_changed: AppState.PREPARING_VIDEO
18:10:30 | DEBUG    | src.pik2video.app                   | Состояние: AppState.PREPARING_VIDEO
18:10:30 | DEBUG    | src.pik2video.app                   | always_on_top=True, is_preparing=True, should=True, current=True, state=AppState.PREPARING_VIDEO
18:10:30 | DEBUG    | src.pik2video.app                   | Показываем видео сессию в MainWindow
18:10:30 | DEBUG    | src.pik2video.app                   | Overlay показан
18:10:30 | DEBUG    | src.pik2video.gui.overlays          | Область обновлена из пресета: PySide6.QtCore.QRect(0, 0, 1440, 900)
18:10:30 | DEBUG    | src.pik2video.app                   | Установлен начальный пресет: {'x1': 0, 'y1': 0, 'x2': 1440, 'y2': 900}
18:10:30 | DEBUG    | src.pik2video.app                   | Окно пресетов показано
18:10:35 | DEBUG    | src.pik2video.app                   | Получены координаты: {'x1': 315, 'x2': 985, 'y1': 196, 'y2': 691}
18:10:35 | DEBUG    | src.pik2video.application.controller | Регион установлен: {'left': 315, 'top': 196, 'width': 670, 'height': 495}
18:10:35 | DEBUG    | src.pik2video.app                   | Координаты переданы в контроллер
18:10:40 | DEBUG    | src.pik2video.app                   | Получены координаты: {'x1': 166, 'x2': 832, 'y1': 155, 'y2': 682}
18:10:40 | DEBUG    | src.pik2video.application.controller | Регион установлен: {'left': 166, 'top': 155, 'width': 666, 'height': 527}
18:10:40 | DEBUG    | src.pik2video.app                   | Координаты переданы в контроллер
18:10:44 | INFO     | src.pik2video.application.controller | Запрошен CANCEL_SESSION
18:10:44 | DEBUG    | src.pik2video.application.controller | Очистка runtime-данных
18:10:44 | DEBUG    | src.pik2video.application.controller | Отправляем state_changed: AppState.IDLE
18:10:44 | DEBUG    | src.pik2video.app                   | Состояние: AppState.IDLE
18:10:44 | DEBUG    | src.pik2video.app                   | always_on_top=True, is_preparing=False, should=True, current=True, state=AppState.IDLE
18:10:44 | DEBUG    | src.pik2video.gui.windows           | retranslate_ui вызван, язык: ru
18:10:46 | INFO     | src.pik2video.application.controller | Запрошен PREPARING_VIDEO
18:10:46 | INFO     | src.pik2video.application.controller | FFmpeg найден
18:10:46 | DEBUG    | src.pik2video.application.controller | Отправляем state_changed: AppState.PREPARING_VIDEO
18:10:46 | DEBUG    | src.pik2video.app                   | Состояние: AppState.PREPARING_VIDEO
18:10:46 | DEBUG    | src.pik2video.app                   | always_on_top=True, is_preparing=True, should=True, current=True, state=AppState.PREPARING_VIDEO
18:10:46 | DEBUG    | src.pik2video.app                   | Показываем видео сессию в MainWindow
18:10:46 | DEBUG    | src.pik2video.app                   | Overlay показан
18:10:46 | DEBUG    | src.pik2video.gui.overlays          | Область обновлена из пресета: PySide6.QtCore.QRect(0, 0, 1440, 900)
18:10:46 | DEBUG    | src.pik2video.app                   | Установлен начальный пресет: {'x1': 0, 'y1': 0, 'x2': 1440, 'y2': 900}
18:10:46 | DEBUG    | src.pik2video.app                   | Окно пресетов показано
18:10:48 | DEBUG    | src.pik2video.app                   | Получены координаты: {'x1': 426, 'x2': 816, 'y1': 241, 'y2': 597}
18:10:48 | DEBUG    | src.pik2video.application.controller | Регион установлен: {'left': 426, 'top': 241, 'width': 390, 'height': 356}
18:10:48 | DEBUG    | src.pik2video.app                   | Координаты переданы в контроллер
18:10:51 | DEBUG    | src.pik2video.app                   | Получены координаты: {'x1': 480, 'x2': 933, 'y1': 239, 'y2': 598}
18:10:51 | DEBUG    | src.pik2video.application.controller | Регион установлен: {'left': 480, 'top': 239, 'width': 453, 'height': 359}
18:10:51 | DEBUG    | src.pik2video.app                   | Координаты переданы в контроллер
18:10:52 | INFO     | src.pik2video.application.controller | Запрошен CANCEL_SESSION
18:10:52 | DEBUG    | src.pik2video.application.controller | Очистка runtime-данных
18:10:52 | DEBUG    | src.pik2video.application.controller | Отправляем state_changed: AppState.IDLE
18:10:52 | DEBUG    | src.pik2video.app                   | Состояние: AppState.IDLE
18:10:52 | DEBUG    | src.pik2video.app                   | always_on_top=True, is_preparing=False, should=True, current=True, state=AppState.IDLE
18:10:52 | DEBUG    | src.pik2video.gui.windows           | retranslate_ui вызван, язык: ru
18:10:55 | DEBUG    | src.pik2video.gui.windows           | вызван closeEvent. Текущая сессия завершена
18:17:15 | INFO     | Pik2Video                           | ============================================================
18:17:15 | INFO     | Pik2Video                           | Логирование настроено
18:17:15 | INFO     | Pik2Video                           | Режим DEBUG: True
18:17:15 | INFO     | Pik2Video                           | Файл логов: /Users/admin/Desktop/Pik2Video/logs/pik2video_2026-05-22.log
18:17:15 | INFO     | Pik2Video                           | ============================================================
18:17:45 | INFO     | Pik2Video                           | ============================================================
18:17:45 | INFO     | Pik2Video                           | Логирование настроено
18:17:45 | INFO     | Pik2Video                           | Режим DEBUG: True
18:17:45 | INFO     | Pik2Video                           | Файл логов: /Users/admin/Desktop/Pik2Video/logs/pik2video_2026-05-22.log
18:17:45 | INFO     | Pik2Video                           | ============================================================
18:17:45 | DEBUG    | fsevents                            | NativeEvent(path="/Users/admin/Desktop/Pik2Video/src/pik2video/gui/__pycache__/overlays.cpython-312.pyc.4639401904", inode=12829860, flags=19900, id=222039208): is_coalesced, is_created, is_file, is_modified, is_renamed, is_xattr_mod
18:17:45 | DEBUG    | fsevents                            | NativeEvent(path="/Users/admin/Desktop/Pik2Video/src/pik2video/gui/__pycache__/overlays.cpython-312.pyc", inode=12829860, flags=10800, id=222039209): is_file, is_renamed
18:17:45 | DEBUG    | fsevents                            | NativeEvent(path="/Users/admin/Desktop/Pik2Video/src/pik2video/gui/__pycache__/overlays.cpython-312.pyc", inode=12829333, flags=10800, id=222039210): is_file, is_renamed
18:17:45 | DEBUG    | fsevents                            | queue_event FileCreatedEvent(src_path='/Users/admin/Desktop/Pik2Video/src/pik2video/gui/__pycache__/overlays.cpython-312.pyc.4639401904', dest_path='', event_type='created', is_directory=False, is_synthetic=False)
18:17:45 | DEBUG    | fsevents                            | queue_event DirModifiedEvent(src_path='/Users/admin/Desktop/Pik2Video/src/pik2video/gui/__pycache__', dest_path='', event_type='modified', is_directory=True, is_synthetic=False)
18:17:45 | DEBUG    | src.pik2video.application.settings_model | Настройки загружены из /Users/admin/.pik2video/settings.json
18:17:45 | DEBUG    | fsevents                            | queue_event FileModifiedEvent(src_path='/Users/admin/Desktop/Pik2Video/src/pik2video/gui/__pycache__/overlays.cpython-312.pyc.4639401904', dest_path='', event_type='modified', is_directory=False, is_synthetic=False)
18:17:45 | DEBUG    | fsevents                            | Destination event for rename is NativeEvent(path="/Users/admin/Desktop/Pik2Video/src/pik2video/gui/__pycache__/overlays.cpython-312.pyc", inode=12829860, flags=10800, id=222039209)
18:17:45 | DEBUG    | fsevents                            | queue_event FileMovedEvent(src_path='/Users/admin/Desktop/Pik2Video/src/pik2video/gui/__pycache__/overlays.cpython-312.pyc.4639401904', dest_path='/Users/admin/Desktop/Pik2Video/src/pik2video/gui/__pycache__/overlays.cpython-312.pyc', event_type='moved', is_directory=False, is_synthetic=False)
18:17:45 | DEBUG    | fsevents                            | queue_event DirModifiedEvent(src_path='/Users/admin/Desktop/Pik2Video/src/pik2video/gui/__pycache__', dest_path='', event_type='modified', is_directory=True, is_synthetic=False)
18:17:45 | DEBUG    | fsevents                            | queue_event DirModifiedEvent(src_path='/Users/admin/Desktop/Pik2Video/src/pik2video/gui/__pycache__', dest_path='', event_type='modified', is_directory=True, is_synthetic=False)
18:17:45 | INFO     | src.pik2video.locale.translator     | Загружен язык: ru из /Users/admin/Desktop/Pik2Video/src/pik2video/locale/ru.json
18:17:45 | DEBUG    | fsevents                            | queue_event FileDeletedEvent(src_path='/Users/admin/Desktop/Pik2Video/src/pik2video/gui/__pycache__/overlays.cpython-312.pyc', dest_path='', event_type='deleted', is_directory=False, is_synthetic=False)
18:17:45 | DEBUG    | fsevents                            | queue_event DirModifiedEvent(src_path='/Users/admin/Desktop/Pik2Video/src/pik2video/gui/__pycache__', dest_path='', event_type='modified', is_directory=True, is_synthetic=False)
18:17:45 | INFO     | src.pik2video.application.controller | FFmpeg найден при старте
18:17:45 | DEBUG    | src.pik2video.gui.windows           | retranslate_ui вызван, язык: ru
18:17:52 | INFO     | src.pik2video.application.controller | Запрошен PREPARING_VIDEO
18:17:52 | INFO     | src.pik2video.application.controller | FFmpeg найден
18:17:52 | DEBUG    | src.pik2video.application.controller | Отправляем state_changed: AppState.PREPARING_VIDEO
18:17:52 | DEBUG    | src.pik2video.app                   | Состояние: AppState.PREPARING_VIDEO
18:17:52 | DEBUG    | src.pik2video.app                   | always_on_top=True, is_preparing=True, should=True, current=True, state=AppState.PREPARING_VIDEO
18:17:52 | DEBUG    | src.pik2video.app                   | Показываем видео сессию в MainWindow
18:17:52 | DEBUG    | src.pik2video.app                   | Overlay показан
18:17:52 | DEBUG    | src.pik2video.gui.overlays          | Область обновлена из пресета: PySide6.QtCore.QRect(0, 0, 1440, 900)
18:17:52 | DEBUG    | src.pik2video.app                   | Установлен начальный пресет: {'x1': 0, 'y1': 0, 'x2': 1440, 'y2': 900}
18:17:52 | DEBUG    | src.pik2video.app                   | Окно пресетов показано
18:17:55 | DEBUG    | src.pik2video.app                   | Получены координаты: {'x1': 349, 'x2': 780, 'y1': 247, 'y2': 629}
18:17:55 | DEBUG    | src.pik2video.application.controller | Регион установлен: {'left': 349, 'top': 247, 'width': 431, 'height': 382}
18:17:55 | DEBUG    | src.pik2video.app                   | Координаты переданы в контроллер
18:17:58 | DEBUG    | src.pik2video.app                   | Получены координаты: {'x1': 234, 'x2': 601, 'y1': 297, 'y2': 641}
18:17:58 | DEBUG    | src.pik2video.application.controller | Регион установлен: {'left': 234, 'top': 297, 'width': 367, 'height': 344}
18:17:58 | DEBUG    | src.pik2video.app                   | Координаты переданы в контроллер
18:18:00 | INFO     | src.pik2video.application.controller | Запрошен CANCEL_SESSION
18:18:00 | DEBUG    | src.pik2video.application.controller | Очистка runtime-данных
18:18:00 | DEBUG    | src.pik2video.application.controller | Отправляем state_changed: AppState.IDLE
18:18:00 | DEBUG    | src.pik2video.app                   | Состояние: AppState.IDLE
18:18:00 | DEBUG    | src.pik2video.app                   | always_on_top=True, is_preparing=False, should=True, current=True, state=AppState.IDLE
18:18:00 | DEBUG    | src.pik2video.gui.windows           | retranslate_ui вызван, язык: ru
18:20:31 | DEBUG    | fsevents                            | NativeEvent(path="/Users/admin/Desktop/Pik2Video/src/pik2video/gui/overlays.py", inode=7381394, flags=11400, id=222042841): is_file, is_inode_meta_mod, is_modified
18:20:31 | DEBUG    | fsevents                            | queue_event FileModifiedEvent(src_path='/Users/admin/Desktop/Pik2Video/src/pik2video/gui/overlays.py', dest_path='', event_type='modified', is_directory=False, is_synthetic=False)
18:20:31 | INFO     | Pik2Video                           | ============================================================
18:20:31 | INFO     | Pik2Video                           | Логирование настроено
18:20:31 | INFO     | Pik2Video                           | Режим DEBUG: True
18:20:31 | INFO     | Pik2Video                           | Файл логов: /Users/admin/Desktop/Pik2Video/logs/pik2video_2026-05-22.log
18:20:31 | INFO     | Pik2Video                           | ============================================================
18:20:31 | DEBUG    | fsevents                            | NativeEvent(path="/Users/admin/Desktop/Pik2Video/src/pik2video/gui/__pycache__/overlays.cpython-312.pyc.4693255984", inode=12830079, flags=19900, id=222042895): is_coalesced, is_created, is_file, is_modified, is_renamed, is_xattr_mod
18:20:31 | DEBUG    | fsevents                            | NativeEvent(path="/Users/admin/Desktop/Pik2Video/src/pik2video/gui/__pycache__/overlays.cpython-312.pyc", inode=12830079, flags=10800, id=222042896): is_file, is_renamed
18:20:31 | DEBUG    | fsevents                            | NativeEvent(path="/Users/admin/Desktop/Pik2Video/src/pik2video/gui/__pycache__/overlays.cpython-312.pyc", inode=12829860, flags=10800, id=222042897): is_file, is_renamed
18:20:31 | DEBUG    | fsevents                            | queue_event FileCreatedEvent(src_path='/Users/admin/Desktop/Pik2Video/src/pik2video/gui/__pycache__/overlays.cpython-312.pyc.4693255984', dest_path='', event_type='created', is_directory=False, is_synthetic=False)
18:20:31 | DEBUG    | fsevents                            | queue_event DirModifiedEvent(src_path='/Users/admin/Desktop/Pik2Video/src/pik2video/gui/__pycache__', dest_path='', event_type='modified', is_directory=True, is_synthetic=False)
18:20:31 | DEBUG    | fsevents                            | queue_event FileModifiedEvent(src_path='/Users/admin/Desktop/Pik2Video/src/pik2video/gui/__pycache__/overlays.cpython-312.pyc.4693255984', dest_path='', event_type='modified', is_directory=False, is_synthetic=False)
18:20:31 | DEBUG    | src.pik2video.application.settings_model | Настройки загружены из /Users/admin/.pik2video/settings.json
18:20:31 | DEBUG    | fsevents                            | Destination event for rename is NativeEvent(path="/Users/admin/Desktop/Pik2Video/src/pik2video/gui/__pycache__/overlays.cpython-312.pyc", inode=12830079, flags=10800, id=222042896)
18:20:31 | DEBUG    | fsevents                            | queue_event FileMovedEvent(src_path='/Users/admin/Desktop/Pik2Video/src/pik2video/gui/__pycache__/overlays.cpython-312.pyc.4693255984', dest_path='/Users/admin/Desktop/Pik2Video/src/pik2video/gui/__pycache__/overlays.cpython-312.pyc', event_type='moved', is_directory=False, is_synthetic=False)
18:20:31 | DEBUG    | fsevents                            | queue_event DirModifiedEvent(src_path='/Users/admin/Desktop/Pik2Video/src/pik2video/gui/__pycache__', dest_path='', event_type='modified', is_directory=True, is_synthetic=False)
18:20:31 | DEBUG    | fsevents                            | queue_event DirModifiedEvent(src_path='/Users/admin/Desktop/Pik2Video/src/pik2video/gui/__pycache__', dest_path='', event_type='modified', is_directory=True, is_synthetic=False)
18:20:31 | DEBUG    | fsevents                            | queue_event FileDeletedEvent(src_path='/Users/admin/Desktop/Pik2Video/src/pik2video/gui/__pycache__/overlays.cpython-312.pyc', dest_path='', event_type='deleted', is_directory=False, is_synthetic=False)
18:20:31 | DEBUG    | fsevents                            | queue_event DirModifiedEvent(src_path='/Users/admin/Desktop/Pik2Video/src/pik2video/gui/__pycache__', dest_path='', event_type='modified', is_directory=True, is_synthetic=False)
18:20:31 | INFO     | src.pik2video.locale.translator     | Загружен язык: ru из /Users/admin/Desktop/Pik2Video/src/pik2video/locale/ru.json
18:20:31 | INFO     | src.pik2video.application.controller | FFmpeg найден при старте
18:20:31 | DEBUG    | src.pik2video.gui.windows           | retranslate_ui вызван, язык: ru
18:20:33 | INFO     | src.pik2video.application.controller | Запрошен PREPARING_VIDEO
18:20:33 | INFO     | src.pik2video.application.controller | FFmpeg найден
18:20:33 | DEBUG    | src.pik2video.application.controller | Отправляем state_changed: AppState.PREPARING_VIDEO
18:20:33 | DEBUG    | src.pik2video.app                   | Состояние: AppState.PREPARING_VIDEO
18:20:33 | DEBUG    | src.pik2video.app                   | always_on_top=True, is_preparing=True, should=True, current=True, state=AppState.PREPARING_VIDEO
18:20:33 | DEBUG    | src.pik2video.app                   | Показываем видео сессию в MainWindow
18:20:33 | DEBUG    | src.pik2video.app                   | Overlay показан
18:20:33 | DEBUG    | src.pik2video.gui.overlays          | Область обновлена из пресета: PySide6.QtCore.QRect(0, 0, 1440, 900)
18:20:33 | DEBUG    | src.pik2video.app                   | Установлен начальный пресет: {'x1': 0, 'y1': 0, 'x2': 1440, 'y2': 900}
18:20:33 | DEBUG    | src.pik2video.app                   | Окно пресетов показано
18:20:36 | INFO     | src.pik2video.application.controller | Запрошен CANCEL_SESSION
18:20:36 | DEBUG    | src.pik2video.application.controller | Очистка runtime-данных
18:20:36 | DEBUG    | src.pik2video.application.controller | Отправляем state_changed: AppState.IDLE
18:20:36 | DEBUG    | src.pik2video.app                   | Состояние: AppState.IDLE
18:20:36 | DEBUG    | src.pik2video.app                   | always_on_top=True, is_preparing=False, should=True, current=True, state=AppState.IDLE
18:20:36 | DEBUG    | src.pik2video.gui.windows           | retranslate_ui вызван, язык: ru
18:20:38 | DEBUG    | src.pik2video.gui.windows           | вызван closeEvent. Текущая сессия завершена
18:21:24 | INFO     | Pik2Video                           | ============================================================
18:21:24 | INFO     | Pik2Video                           | Логирование настроено
18:21:24 | INFO     | Pik2Video                           | Режим DEBUG: True
18:21:24 | INFO     | Pik2Video                           | Файл логов: /Users/admin/Desktop/Pik2Video/logs/pik2video_2026-05-22.log
18:21:24 | INFO     | Pik2Video                           | ============================================================
18:21:24 | DEBUG    | fsevents                            | NativeEvent(path="/Users/admin/Desktop/Pik2Video/src/pik2video/gui/__pycache__/overlays.cpython-312.pyc.4660979632", inode=12830209, flags=19900, id=222045160): is_coalesced, is_created, is_file, is_modified, is_renamed, is_xattr_mod
18:21:24 | DEBUG    | fsevents                            | NativeEvent(path="/Users/admin/Desktop/Pik2Video/src/pik2video/gui/__pycache__/overlays.cpython-312.pyc", inode=12830209, flags=10800, id=222045161): is_file, is_renamed
18:21:24 | DEBUG    | fsevents                            | NativeEvent(path="/Users/admin/Desktop/Pik2Video/src/pik2video/gui/__pycache__/overlays.cpython-312.pyc", inode=12830079, flags=10800, id=222045162): is_file, is_renamed
18:21:24 | DEBUG    | fsevents                            | queue_event FileCreatedEvent(src_path='/Users/admin/Desktop/Pik2Video/src/pik2video/gui/__pycache__/overlays.cpython-312.pyc.4660979632', dest_path='', event_type='created', is_directory=False, is_synthetic=False)
18:21:24 | DEBUG    | fsevents                            | queue_event DirModifiedEvent(src_path='/Users/admin/Desktop/Pik2Video/src/pik2video/gui/__pycache__', dest_path='', event_type='modified', is_directory=True, is_synthetic=False)
18:21:24 | DEBUG    | fsevents                            | queue_event FileModifiedEvent(src_path='/Users/admin/Desktop/Pik2Video/src/pik2video/gui/__pycache__/overlays.cpython-312.pyc.4660979632', dest_path='', event_type='modified', is_directory=False, is_synthetic=False)
18:21:24 | DEBUG    | fsevents                            | Destination event for rename is NativeEvent(path="/Users/admin/Desktop/Pik2Video/src/pik2video/gui/__pycache__/overlays.cpython-312.pyc", inode=12830209, flags=10800, id=222045161)
18:21:24 | DEBUG    | src.pik2video.application.settings_model | Настройки загружены из /Users/admin/.pik2video/settings.json
18:21:24 | DEBUG    | fsevents                            | queue_event FileMovedEvent(src_path='/Users/admin/Desktop/Pik2Video/src/pik2video/gui/__pycache__/overlays.cpython-312.pyc.4660979632', dest_path='/Users/admin/Desktop/Pik2Video/src/pik2video/gui/__pycache__/overlays.cpython-312.pyc', event_type='moved', is_directory=False, is_synthetic=False)
18:21:24 | DEBUG    | fsevents                            | queue_event DirModifiedEvent(src_path='/Users/admin/Desktop/Pik2Video/src/pik2video/gui/__pycache__', dest_path='', event_type='modified', is_directory=True, is_synthetic=False)
18:21:24 | DEBUG    | fsevents                            | queue_event DirModifiedEvent(src_path='/Users/admin/Desktop/Pik2Video/src/pik2video/gui/__pycache__', dest_path='', event_type='modified', is_directory=True, is_synthetic=False)
18:21:24 | DEBUG    | fsevents                            | queue_event FileDeletedEvent(src_path='/Users/admin/Desktop/Pik2Video/src/pik2video/gui/__pycache__/overlays.cpython-312.pyc', dest_path='', event_type='deleted', is_directory=False, is_synthetic=False)
18:21:24 | DEBUG    | fsevents                            | queue_event DirModifiedEvent(src_path='/Users/admin/Desktop/Pik2Video/src/pik2video/gui/__pycache__', dest_path='', event_type='modified', is_directory=True, is_synthetic=False)
18:21:24 | INFO     | src.pik2video.locale.translator     | Загружен язык: ru из /Users/admin/Desktop/Pik2Video/src/pik2video/locale/ru.json
18:21:24 | INFO     | src.pik2video.application.controller | FFmpeg найден при старте
18:21:24 | DEBUG    | src.pik2video.gui.windows           | retranslate_ui вызван, язык: ru
18:21:25 | INFO     | src.pik2video.application.controller | Запрошен PREPARING_VIDEO
18:21:25 | INFO     | src.pik2video.application.controller | FFmpeg найден
18:21:25 | DEBUG    | src.pik2video.application.controller | Отправляем state_changed: AppState.PREPARING_VIDEO
18:21:25 | DEBUG    | src.pik2video.app                   | Состояние: AppState.PREPARING_VIDEO
18:21:25 | DEBUG    | src.pik2video.app                   | always_on_top=True, is_preparing=True, should=True, current=True, state=AppState.PREPARING_VIDEO
18:21:25 | DEBUG    | src.pik2video.app                   | Показываем видео сессию в MainWindow
18:21:26 | DEBUG    | src.pik2video.app                   | Overlay показан
18:21:26 | DEBUG    | src.pik2video.gui.overlays          | Область обновлена из пресета: PySide6.QtCore.QRect(0, 0, 1440, 900)
18:21:26 | DEBUG    | src.pik2video.app                   | Установлен начальный пресет: {'x1': 0, 'y1': 0, 'x2': 1440, 'y2': 900}
18:21:26 | DEBUG    | src.pik2video.app                   | Окно пресетов показано
18:21:31 | INFO     | src.pik2video.application.controller | Запрошен CANCEL_SESSION
18:21:31 | DEBUG    | src.pik2video.application.controller | Очистка runtime-данных
18:21:31 | DEBUG    | src.pik2video.application.controller | Отправляем state_changed: AppState.IDLE
18:21:31 | DEBUG    | src.pik2video.app                   | Состояние: AppState.IDLE
18:21:31 | DEBUG    | src.pik2video.app                   | always_on_top=True, is_preparing=False, should=True, current=True, state=AppState.IDLE
18:21:31 | DEBUG    | src.pik2video.gui.windows           | retranslate_ui вызван, язык: ru
18:21:38 | DEBUG    | fsevents                            | NativeEvent(path="/Users/admin/Desktop/Pik2Video/src/pik2video/gui/overlays.py", inode=7381394, flags=11400, id=222045813): is_file, is_inode_meta_mod, is_modified
18:21:38 | DEBUG    | fsevents                            | queue_event FileModifiedEvent(src_path='/Users/admin/Desktop/Pik2Video/src/pik2video/gui/overlays.py', dest_path='', event_type='modified', is_directory=False, is_synthetic=False)
18:21:39 | INFO     | Pik2Video                           | ============================================================
18:21:39 | INFO     | Pik2Video                           | Логирование настроено
18:21:39 | INFO     | Pik2Video                           | Режим DEBUG: True
18:21:39 | INFO     | Pik2Video                           | Файл логов: /Users/admin/Desktop/Pik2Video/logs/pik2video_2026-05-22.log
18:21:39 | INFO     | Pik2Video                           | ============================================================
18:21:39 | DEBUG    | fsevents                            | NativeEvent(path="/Users/admin/Desktop/Pik2Video/src/pik2video/gui/__pycache__/overlays.cpython-312.pyc.4626622256", inode=12830253, flags=19900, id=222045853): is_coalesced, is_created, is_file, is_modified, is_renamed, is_xattr_mod
18:21:39 | DEBUG    | fsevents                            | NativeEvent(path="/Users/admin/Desktop/Pik2Video/src/pik2video/gui/__pycache__/overlays.cpython-312.pyc", inode=12830253, flags=10800, id=222045854): is_file, is_renamed
18:21:39 | DEBUG    | fsevents                            | NativeEvent(path="/Users/admin/Desktop/Pik2Video/src/pik2video/gui/__pycache__/overlays.cpython-312.pyc", inode=12830209, flags=10800, id=222045855): is_file, is_renamed
18:21:39 | DEBUG    | fsevents                            | queue_event FileCreatedEvent(src_path='/Users/admin/Desktop/Pik2Video/src/pik2video/gui/__pycache__/overlays.cpython-312.pyc.4626622256', dest_path='', event_type='created', is_directory=False, is_synthetic=False)
18:21:39 | DEBUG    | src.pik2video.application.settings_model | Настройки загружены из /Users/admin/.pik2video/settings.json
18:21:39 | DEBUG    | fsevents                            | queue_event DirModifiedEvent(src_path='/Users/admin/Desktop/Pik2Video/src/pik2video/gui/__pycache__', dest_path='', event_type='modified', is_directory=True, is_synthetic=False)
18:21:39 | DEBUG    | fsevents                            | queue_event FileModifiedEvent(src_path='/Users/admin/Desktop/Pik2Video/src/pik2video/gui/__pycache__/overlays.cpython-312.pyc.4626622256', dest_path='', event_type='modified', is_directory=False, is_synthetic=False)
18:21:39 | DEBUG    | fsevents                            | Destination event for rename is NativeEvent(path="/Users/admin/Desktop/Pik2Video/src/pik2video/gui/__pycache__/overlays.cpython-312.pyc", inode=12830253, flags=10800, id=222045854)
18:21:39 | DEBUG    | fsevents                            | queue_event FileMovedEvent(src_path='/Users/admin/Desktop/Pik2Video/src/pik2video/gui/__pycache__/overlays.cpython-312.pyc.4626622256', dest_path='/Users/admin/Desktop/Pik2Video/src/pik2video/gui/__pycache__/overlays.cpython-312.pyc', event_type='moved', is_directory=False, is_synthetic=False)
18:21:39 | DEBUG    | fsevents                            | queue_event DirModifiedEvent(src_path='/Users/admin/Desktop/Pik2Video/src/pik2video/gui/__pycache__', dest_path='', event_type='modified', is_directory=True, is_synthetic=False)
18:21:39 | DEBUG    | fsevents                            | queue_event DirModifiedEvent(src_path='/Users/admin/Desktop/Pik2Video/src/pik2video/gui/__pycache__', dest_path='', event_type='modified', is_directory=True, is_synthetic=False)
18:21:39 | INFO     | src.pik2video.locale.translator     | Загружен язык: ru из /Users/admin/Desktop/Pik2Video/src/pik2video/locale/ru.json
18:21:39 | DEBUG    | fsevents                            | queue_event FileDeletedEvent(src_path='/Users/admin/Desktop/Pik2Video/src/pik2video/gui/__pycache__/overlays.cpython-312.pyc', dest_path='', event_type='deleted', is_directory=False, is_synthetic=False)
18:21:39 | DEBUG    | fsevents                            | queue_event DirModifiedEvent(src_path='/Users/admin/Desktop/Pik2Video/src/pik2video/gui/__pycache__', dest_path='', event_type='modified', is_directory=True, is_synthetic=False)
18:21:39 | INFO     | src.pik2video.application.controller | FFmpeg найден при старте
18:21:39 | DEBUG    | src.pik2video.gui.windows           | retranslate_ui вызван, язык: ru
18:21:40 | INFO     | src.pik2video.application.controller | Запрошен PREPARING_VIDEO
18:21:40 | INFO     | src.pik2video.application.controller | FFmpeg найден
18:21:40 | DEBUG    | src.pik2video.application.controller | Отправляем state_changed: AppState.PREPARING_VIDEO
18:21:40 | DEBUG    | src.pik2video.app                   | Состояние: AppState.PREPARING_VIDEO
18:21:40 | DEBUG    | src.pik2video.app                   | always_on_top=True, is_preparing=True, should=True, current=True, state=AppState.PREPARING_VIDEO
18:21:40 | DEBUG    | src.pik2video.app                   | Показываем видео сессию в MainWindow
18:21:40 | DEBUG    | src.pik2video.app                   | Overlay показан
18:21:40 | DEBUG    | src.pik2video.gui.overlays          | Область обновлена из пресета: PySide6.QtCore.QRect(0, 0, 1440, 900)
18:21:40 | DEBUG    | src.pik2video.app                   | Установлен начальный пресет: {'x1': 0, 'y1': 0, 'x2': 1440, 'y2': 900}
18:21:40 | DEBUG    | src.pik2video.app                   | Окно пресетов показано
18:21:53 | INFO     | src.pik2video.application.controller | Запрошен CANCEL_SESSION
18:21:53 | DEBUG    | src.pik2video.application.controller | Очистка runtime-данных
18:21:53 | DEBUG    | src.pik2video.application.controller | Отправляем state_changed: AppState.IDLE
18:21:53 | DEBUG    | src.pik2video.app                   | Состояние: AppState.IDLE
18:21:53 | DEBUG    | src.pik2video.app                   | always_on_top=True, is_preparing=False, should=True, current=True, state=AppState.IDLE
18:21:53 | DEBUG    | src.pik2video.gui.windows           | retranslate_ui вызван, язык: ru
18:21:57 | DEBUG    | fsevents                            | NativeEvent(path="/Users/admin/Desktop/Pik2Video/src/pik2video/gui/overlays.py", inode=7381394, flags=11400, id=222046397): is_file, is_inode_meta_mod, is_modified
18:21:57 | DEBUG    | fsevents                            | queue_event FileModifiedEvent(src_path='/Users/admin/Desktop/Pik2Video/src/pik2video/gui/overlays.py', dest_path='', event_type='modified', is_directory=False, is_synthetic=False)
18:21:58 | INFO     | Pik2Video                           | ============================================================
18:21:58 | INFO     | Pik2Video                           | Логирование настроено
18:21:58 | INFO     | Pik2Video                           | Режим DEBUG: True
18:21:58 | INFO     | Pik2Video                           | Файл логов: /Users/admin/Desktop/Pik2Video/logs/pik2video_2026-05-22.log
18:21:58 | INFO     | Pik2Video                           | ============================================================
18:21:58 | DEBUG    | fsevents                            | NativeEvent(path="/Users/admin/Desktop/Pik2Video/src/pik2video/gui/__pycache__/overlays.cpython-312.pyc.4686964528", inode=12830290, flags=19900, id=222046437): is_coalesced, is_created, is_file, is_modified, is_renamed, is_xattr_mod
18:21:58 | DEBUG    | fsevents                            | NativeEvent(path="/Users/admin/Desktop/Pik2Video/src/pik2video/gui/__pycache__/overlays.cpython-312.pyc", inode=12830290, flags=10800, id=222046438): is_file, is_renamed
18:21:58 | DEBUG    | fsevents                            | NativeEvent(path="/Users/admin/Desktop/Pik2Video/src/pik2video/gui/__pycache__/overlays.cpython-312.pyc", inode=12830253, flags=10800, id=222046439): is_file, is_renamed
18:21:58 | DEBUG    | fsevents                            | queue_event FileCreatedEvent(src_path='/Users/admin/Desktop/Pik2Video/src/pik2video/gui/__pycache__/overlays.cpython-312.pyc.4686964528', dest_path='', event_type='created', is_directory=False, is_synthetic=False)
18:21:58 | DEBUG    | fsevents                            | queue_event DirModifiedEvent(src_path='/Users/admin/Desktop/Pik2Video/src/pik2video/gui/__pycache__', dest_path='', event_type='modified', is_directory=True, is_synthetic=False)
18:21:58 | DEBUG    | fsevents                            | queue_event FileModifiedEvent(src_path='/Users/admin/Desktop/Pik2Video/src/pik2video/gui/__pycache__/overlays.cpython-312.pyc.4686964528', dest_path='', event_type='modified', is_directory=False, is_synthetic=False)
18:21:58 | DEBUG    | fsevents                            | Destination event for rename is NativeEvent(path="/Users/admin/Desktop/Pik2Video/src/pik2video/gui/__pycache__/overlays.cpython-312.pyc", inode=12830290, flags=10800, id=222046438)
18:21:58 | DEBUG    | src.pik2video.application.settings_model | Настройки загружены из /Users/admin/.pik2video/settings.json
18:21:58 | DEBUG    | fsevents                            | queue_event FileMovedEvent(src_path='/Users/admin/Desktop/Pik2Video/src/pik2video/gui/__pycache__/overlays.cpython-312.pyc.4686964528', dest_path='/Users/admin/Desktop/Pik2Video/src/pik2video/gui/__pycache__/overlays.cpython-312.pyc', event_type='moved', is_directory=False, is_synthetic=False)
18:21:58 | DEBUG    | fsevents                            | queue_event DirModifiedEvent(src_path='/Users/admin/Desktop/Pik2Video/src/pik2video/gui/__pycache__', dest_path='', event_type='modified', is_directory=True, is_synthetic=False)
18:21:58 | DEBUG    | fsevents                            | queue_event DirModifiedEvent(src_path='/Users/admin/Desktop/Pik2Video/src/pik2video/gui/__pycache__', dest_path='', event_type='modified', is_directory=True, is_synthetic=False)
18:21:58 | DEBUG    | fsevents                            | queue_event FileDeletedEvent(src_path='/Users/admin/Desktop/Pik2Video/src/pik2video/gui/__pycache__/overlays.cpython-312.pyc', dest_path='', event_type='deleted', is_directory=False, is_synthetic=False)
18:21:58 | DEBUG    | fsevents                            | queue_event DirModifiedEvent(src_path='/Users/admin/Desktop/Pik2Video/src/pik2video/gui/__pycache__', dest_path='', event_type='modified', is_directory=True, is_synthetic=False)
18:21:58 | INFO     | src.pik2video.locale.translator     | Загружен язык: ru из /Users/admin/Desktop/Pik2Video/src/pik2video/locale/ru.json
18:21:58 | INFO     | src.pik2video.application.controller | FFmpeg найден при старте
18:21:58 | DEBUG    | src.pik2video.gui.windows           | retranslate_ui вызван, язык: ru
18:21:59 | INFO     | src.pik2video.application.controller | Запрошен PREPARING_VIDEO
18:21:59 | INFO     | src.pik2video.application.controller | FFmpeg найден
18:21:59 | DEBUG    | src.pik2video.application.controller | Отправляем state_changed: AppState.PREPARING_VIDEO
18:21:59 | DEBUG    | src.pik2video.app                   | Состояние: AppState.PREPARING_VIDEO
18:21:59 | DEBUG    | src.pik2video.app                   | always_on_top=True, is_preparing=True, should=True, current=True, state=AppState.PREPARING_VIDEO
18:21:59 | DEBUG    | src.pik2video.app                   | Показываем видео сессию в MainWindow
18:21:59 | DEBUG    | src.pik2video.app                   | Overlay показан
18:21:59 | DEBUG    | src.pik2video.gui.overlays          | Область обновлена из пресета: PySide6.QtCore.QRect(0, 0, 1440, 900)
18:21:59 | DEBUG    | src.pik2video.app                   | Установлен начальный пресет: {'x1': 0, 'y1': 0, 'x2': 1440, 'y2': 900}
18:21:59 | DEBUG    | src.pik2video.app                   | Окно пресетов показано
18:22:05 | DEBUG    | src.pik2video.app                   | Получены координаты: {'x1': 237, 'x2': 887, 'y1': 181, 'y2': 675}
18:22:05 | DEBUG    | src.pik2video.application.controller | Регион установлен: {'left': 237, 'top': 181, 'width': 650, 'height': 494}
18:22:05 | DEBUG    | src.pik2video.app                   | Координаты переданы в контроллер
18:22:26 | INFO     | src.pik2video.application.controller | Запрошен CANCEL_SESSION
18:22:26 | DEBUG    | src.pik2video.application.controller | Очистка runtime-данных
18:22:26 | DEBUG    | src.pik2video.application.controller | Отправляем state_changed: AppState.IDLE
18:22:26 | DEBUG    | src.pik2video.app                   | Состояние: AppState.IDLE
18:22:26 | DEBUG    | src.pik2video.app                   | always_on_top=True, is_preparing=False, should=True, current=True, state=AppState.IDLE
18:22:26 | DEBUG    | src.pik2video.gui.windows           | retranslate_ui вызван, язык: ru
18:22:29 | INFO     | src.pik2video.application.controller | Запрошен PREPARING_VIDEO
18:22:29 | INFO     | src.pik2video.application.controller | FFmpeg найден
18:22:29 | DEBUG    | src.pik2video.application.controller | Отправляем state_changed: AppState.PREPARING_VIDEO
18:22:29 | DEBUG    | src.pik2video.app                   | Состояние: AppState.PREPARING_VIDEO
18:22:29 | DEBUG    | src.pik2video.app                   | always_on_top=True, is_preparing=True, should=True, current=True, state=AppState.PREPARING_VIDEO
18:22:29 | DEBUG    | src.pik2video.app                   | Показываем видео сессию в MainWindow
18:22:29 | DEBUG    | src.pik2video.app                   | Overlay показан
18:22:29 | DEBUG    | src.pik2video.gui.overlays          | Область обновлена из пресета: PySide6.QtCore.QRect(0, 0, 1440, 900)
18:22:29 | DEBUG    | src.pik2video.app                   | Установлен начальный пресет: {'x1': 0, 'y1': 0, 'x2': 1440, 'y2': 900}
18:22:29 | DEBUG    | src.pik2video.app                   | Окно пресетов показано
18:22:34 | INFO     | src.pik2video.application.controller | Запрошен CANCEL_SESSION
18:22:34 | DEBUG    | src.pik2video.application.controller | Очистка runtime-данных
18:22:34 | DEBUG    | src.pik2video.application.controller | Отправляем state_changed: AppState.IDLE
18:22:34 | DEBUG    | src.pik2video.app                   | Состояние: AppState.IDLE
18:22:34 | DEBUG    | src.pik2video.app                   | always_on_top=True, is_preparing=False, should=True, current=True, state=AppState.IDLE
18:22:34 | DEBUG    | src.pik2video.gui.windows           | retranslate_ui вызван, язык: ru
18:22:35 | DEBUG    | src.pik2video.gui.windows           | вызван closeEvent. Текущая сессия завершена
18:24:31 | INFO     | Pik2Video                           | ============================================================
18:24:31 | INFO     | Pik2Video                           | Логирование настроено
18:24:31 | INFO     | Pik2Video                           | Режим DEBUG: True
18:24:31 | INFO     | Pik2Video                           | Файл логов: /Users/admin/Desktop/Pik2Video/logs/pik2video_2026-05-22.log
18:24:31 | INFO     | Pik2Video                           | ============================================================
18:24:32 | DEBUG    | fsevents                            | NativeEvent(path="/Users/admin/Desktop/Pik2Video/src/pik2video/gui/__pycache__/overlays.cpython-312.pyc.4665632688", inode=12830590, flags=19900, id=222051067): is_coalesced, is_created, is_file, is_modified, is_renamed, is_xattr_mod
18:24:32 | DEBUG    | fsevents                            | NativeEvent(path="/Users/admin/Desktop/Pik2Video/src/pik2video/gui/__pycache__/overlays.cpython-312.pyc", inode=12830590, flags=10800, id=222051068): is_file, is_renamed
18:24:32 | DEBUG    | fsevents                            | NativeEvent(path="/Users/admin/Desktop/Pik2Video/src/pik2video/gui/__pycache__/overlays.cpython-312.pyc", inode=12830290, flags=10800, id=222051069): is_file, is_renamed
18:24:32 | DEBUG    | fsevents                            | queue_event FileCreatedEvent(src_path='/Users/admin/Desktop/Pik2Video/src/pik2video/gui/__pycache__/overlays.cpython-312.pyc.4665632688', dest_path='', event_type='created', is_directory=False, is_synthetic=False)
18:24:32 | DEBUG    | fsevents                            | queue_event DirModifiedEvent(src_path='/Users/admin/Desktop/Pik2Video/src/pik2video/gui/__pycache__', dest_path='', event_type='modified', is_directory=True, is_synthetic=False)
18:24:32 | DEBUG    | src.pik2video.application.settings_model | Настройки загружены из /Users/admin/.pik2video/settings.json
18:24:32 | DEBUG    | fsevents                            | queue_event FileModifiedEvent(src_path='/Users/admin/Desktop/Pik2Video/src/pik2video/gui/__pycache__/overlays.cpython-312.pyc.4665632688', dest_path='', event_type='modified', is_directory=False, is_synthetic=False)
18:24:32 | DEBUG    | fsevents                            | Destination event for rename is NativeEvent(path="/Users/admin/Desktop/Pik2Video/src/pik2video/gui/__pycache__/overlays.cpython-312.pyc", inode=12830590, flags=10800, id=222051068)
18:24:32 | DEBUG    | fsevents                            | queue_event FileMovedEvent(src_path='/Users/admin/Desktop/Pik2Video/src/pik2video/gui/__pycache__/overlays.cpython-312.pyc.4665632688', dest_path='/Users/admin/Desktop/Pik2Video/src/pik2video/gui/__pycache__/overlays.cpython-312.pyc', event_type='moved', is_directory=False, is_synthetic=False)
18:24:32 | DEBUG    | fsevents                            | queue_event DirModifiedEvent(src_path='/Users/admin/Desktop/Pik2Video/src/pik2video/gui/__pycache__', dest_path='', event_type='modified', is_directory=True, is_synthetic=False)
18:24:32 | DEBUG    | fsevents                            | queue_event DirModifiedEvent(src_path='/Users/admin/Desktop/Pik2Video/src/pik2video/gui/__pycache__', dest_path='', event_type='modified', is_directory=True, is_synthetic=False)
18:24:32 | DEBUG    | fsevents                            | queue_event FileDeletedEvent(src_path='/Users/admin/Desktop/Pik2Video/src/pik2video/gui/__pycache__/overlays.cpython-312.pyc', dest_path='', event_type='deleted', is_directory=False, is_synthetic=False)
18:24:32 | DEBUG    | fsevents                            | queue_event DirModifiedEvent(src_path='/Users/admin/Desktop/Pik2Video/src/pik2video/gui/__pycache__', dest_path='', event_type='modified', is_directory=True, is_synthetic=False)
18:24:32 | INFO     | src.pik2video.locale.translator     | Загружен язык: ru из /Users/admin/Desktop/Pik2Video/src/pik2video/locale/ru.json
18:24:32 | INFO     | src.pik2video.application.controller | FFmpeg найден при старте
18:24:32 | DEBUG    | src.pik2video.gui.windows           | retranslate_ui вызван, язык: ru
18:24:33 | INFO     | src.pik2video.application.controller | Запрошен PREPARING_VIDEO
18:24:33 | INFO     | src.pik2video.application.controller | FFmpeg найден
18:24:33 | DEBUG    | src.pik2video.application.controller | Отправляем state_changed: AppState.PREPARING_VIDEO
18:24:33 | DEBUG    | src.pik2video.app                   | Состояние: AppState.PREPARING_VIDEO
18:24:33 | DEBUG    | src.pik2video.app                   | always_on_top=True, is_preparing=True, should=True, current=True, state=AppState.PREPARING_VIDEO
18:24:33 | DEBUG    | src.pik2video.app                   | Показываем видео сессию в MainWindow
18:24:33 | DEBUG    | src.pik2video.app                   | Overlay показан
18:24:33 | DEBUG    | src.pik2video.gui.overlays          | Область обновлена из пресета: PySide6.QtCore.QRect(0, 0, 1440, 900)
18:24:33 | DEBUG    | src.pik2video.app                   | Установлен начальный пресет: {'x1': 0, 'y1': 0, 'x2': 1440, 'y2': 900}
18:24:33 | DEBUG    | src.pik2video.app                   | Окно пресетов показано
18:24:35 | DEBUG    | src.pik2video.app                   | Получены координаты: {'x1': 427, 'x2': 1001, 'y1': 252, 'y2': 649}
18:24:35 | DEBUG    | src.pik2video.application.controller | Регион установлен: {'left': 427, 'top': 252, 'width': 574, 'height': 397}
18:24:35 | DEBUG    | src.pik2video.app                   | Координаты переданы в контроллер
18:24:38 | DEBUG    | src.pik2video.app                   | Получены координаты: {'x1': 193, 'x2': 1104, 'y1': 172, 'y2': 667}
18:24:38 | DEBUG    | src.pik2video.application.controller | Регион установлен: {'left': 193, 'top': 172, 'width': 911, 'height': 495}
18:24:38 | DEBUG    | src.pik2video.app                   | Координаты переданы в контроллер
18:24:46 | DEBUG    | src.pik2video.application.settings_model | Настройки сохранены в /Users/admin/.pik2video/settings.json
18:24:46 | INFO     | src.pik2video.application.controller | Настройки сохранены
18:24:57 | DEBUG    | src.pik2video.application.settings_model | Настройки сохранены в /Users/admin/.pik2video/settings.json
18:24:57 | INFO     | src.pik2video.application.controller | Настройки сохранены
18:25:00 | DEBUG    | src.pik2video.application.settings_model | Настройки сохранены в /Users/admin/.pik2video/settings.json
18:25:00 | INFO     | src.pik2video.application.controller | Настройки сохранены
18:25:02 | DEBUG    | src.pik2video.application.settings_model | Настройки сохранены в /Users/admin/.pik2video/settings.json
18:25:02 | INFO     | src.pik2video.application.controller | Настройки сохранены
18:25:06 | INFO     | src.pik2video.application.controller | Запрошен CANCEL_SESSION
18:25:06 | DEBUG    | src.pik2video.application.controller | Очистка runtime-данных
18:25:06 | DEBUG    | src.pik2video.application.controller | Отправляем state_changed: AppState.IDLE
18:25:06 | DEBUG    | src.pik2video.app                   | Состояние: AppState.IDLE
18:25:06 | DEBUG    | src.pik2video.app                   | always_on_top=True, is_preparing=False, should=True, current=True, state=AppState.IDLE
18:25:06 | DEBUG    | src.pik2video.gui.windows           | retranslate_ui вызван, язык: ru
18:54:52 | INFO     | src.pik2video.application.controller | Запрошен PREPARING_VIDEO
18:54:52 | INFO     | src.pik2video.application.controller | FFmpeg найден
18:54:52 | DEBUG    | src.pik2video.application.controller | Отправляем state_changed: AppState.PREPARING_VIDEO
18:54:52 | DEBUG    | src.pik2video.app                   | Состояние: AppState.PREPARING_VIDEO
18:54:52 | DEBUG    | src.pik2video.app                   | always_on_top=True, is_preparing=True, should=True, current=True, state=AppState.PREPARING_VIDEO
18:54:52 | DEBUG    | src.pik2video.app                   | Показываем видео сессию в MainWindow
18:54:52 | DEBUG    | src.pik2video.app                   | Overlay показан
18:54:52 | DEBUG    | src.pik2video.gui.overlays          | Область обновлена из пресета: PySide6.QtCore.QRect(0, 0, 1440, 900)
18:54:52 | DEBUG    | src.pik2video.app                   | Установлен начальный пресет: {'x1': 0, 'y1': 0, 'x2': 1440, 'y2': 900}
18:54:52 | DEBUG    | src.pik2video.app                   | Окно пресетов показано
18:54:54 | DEBUG    | src.pik2video.app                   | Получены координаты: {'x1': 257, 'x2': 673, 'y1': 343, 'y2': 729}
18:54:54 | DEBUG    | src.pik2video.application.controller | Регион установлен: {'left': 257, 'top': 343, 'width': 416, 'height': 386}
18:54:54 | DEBUG    | src.pik2video.app                   | Координаты переданы в контроллер
18:54:56 | DEBUG    | src.pik2video.app                   | Получены координаты: {'x1': 188, 'x2': 988, 'y1': 134, 'y2': 586}
18:54:56 | DEBUG    | src.pik2video.application.controller | Регион установлен: {'left': 188, 'top': 134, 'width': 800, 'height': 452}
18:54:56 | DEBUG    | src.pik2video.app                   | Координаты переданы в контроллер
18:54:59 | INFO     | src.pik2video.application.controller | Запрошен CANCEL_SESSION
18:54:59 | DEBUG    | src.pik2video.application.controller | Очистка runtime-данных
18:54:59 | DEBUG    | src.pik2video.application.controller | Отправляем state_changed: AppState.IDLE
18:54:59 | DEBUG    | src.pik2video.app                   | Состояние: AppState.IDLE
18:54:59 | DEBUG    | src.pik2video.app                   | always_on_top=True, is_preparing=False, should=True, current=True, state=AppState.IDLE
18:54:59 | DEBUG    | src.pik2video.gui.windows           | retranslate_ui вызван, язык: ru
19:01:41 | INFO     | src.pik2video.application.controller | Запрошен PREPARING_VIDEO
19:01:41 | INFO     | src.pik2video.application.controller | FFmpeg найден
19:01:41 | DEBUG    | src.pik2video.application.controller | Отправляем state_changed: AppState.PREPARING_VIDEO
19:01:41 | DEBUG    | src.pik2video.app                   | Состояние: AppState.PREPARING_VIDEO
19:01:41 | DEBUG    | src.pik2video.app                   | always_on_top=True, is_preparing=True, should=True, current=True, state=AppState.PREPARING_VIDEO
19:01:41 | DEBUG    | src.pik2video.app                   | Показываем видео сессию в MainWindow
19:01:41 | DEBUG    | src.pik2video.app                   | Overlay показан
19:01:41 | DEBUG    | src.pik2video.gui.overlays          | Область обновлена из пресета: PySide6.QtCore.QRect(0, 0, 1440, 900)
19:01:41 | DEBUG    | src.pik2video.app                   | Установлен начальный пресет: {'x1': 0, 'y1': 0, 'x2': 1440, 'y2': 900}
19:01:41 | DEBUG    | src.pik2video.app                   | Окно пресетов показано
19:01:44 | INFO     | src.pik2video.application.controller | Запрошен CANCEL_SESSION
19:01:44 | DEBUG    | src.pik2video.application.controller | Очистка runtime-данных
19:01:44 | DEBUG    | src.pik2video.application.controller | Отправляем state_changed: AppState.IDLE
19:01:44 | DEBUG    | src.pik2video.app                   | Состояние: AppState.IDLE
19:01:44 | DEBUG    | src.pik2video.app                   | always_on_top=True, is_preparing=False, should=True, current=True, state=AppState.IDLE
19:01:44 | DEBUG    | src.pik2video.gui.windows           | retranslate_ui вызван, язык: ru
19:01:45 | INFO     | src.pik2video.application.controller | Запрошен PREPARING_VIDEO
19:01:45 | INFO     | src.pik2video.application.controller | FFmpeg найден
19:01:45 | DEBUG    | src.pik2video.application.controller | Отправляем state_changed: AppState.PREPARING_VIDEO
19:01:45 | DEBUG    | src.pik2video.app                   | Состояние: AppState.PREPARING_VIDEO
19:01:45 | DEBUG    | src.pik2video.app                   | always_on_top=True, is_preparing=True, should=True, current=True, state=AppState.PREPARING_VIDEO
19:01:45 | DEBUG    | src.pik2video.app                   | Показываем видео сессию в MainWindow
19:01:45 | DEBUG    | src.pik2video.app                   | Overlay показан
19:01:45 | DEBUG    | src.pik2video.gui.overlays          | Область обновлена из пресета: PySide6.QtCore.QRect(0, 0, 1440, 900)
19:01:45 | DEBUG    | src.pik2video.app                   | Установлен начальный пресет: {'x1': 0, 'y1': 0, 'x2': 1440, 'y2': 900}
19:01:45 | DEBUG    | src.pik2video.app                   | Окно пресетов показано
19:01:48 | DEBUG    | src.pik2video.app                   | Получены координаты: {'x1': 589, 'x2': 1036, 'y1': 316, 'y2': 669}
19:01:48 | DEBUG    | src.pik2video.application.controller | Регион установлен: {'left': 589, 'top': 316, 'width': 447, 'height': 353}
19:01:48 | DEBUG    | src.pik2video.app                   | Координаты переданы в контроллер
19:01:51 | DEBUG    | src.pik2video.app                   | Получены координаты: {'x1': 298, 'x2': 1073, 'y1': 185, 'y2': 634}
19:01:51 | DEBUG    | src.pik2video.application.controller | Регион установлен: {'left': 298, 'top': 185, 'width': 775, 'height': 449}
19:01:51 | DEBUG    | src.pik2video.app                   | Координаты переданы в контроллер
19:01:54 | INFO     | src.pik2video.application.controller | Запрошен CANCEL_SESSION
19:01:54 | DEBUG    | src.pik2video.application.controller | Очистка runtime-данных
19:01:54 | DEBUG    | src.pik2video.application.controller | Отправляем state_changed: AppState.IDLE
19:01:54 | DEBUG    | src.pik2video.app                   | Состояние: AppState.IDLE
19:01:54 | DEBUG    | src.pik2video.app                   | always_on_top=True, is_preparing=False, should=True, current=True, state=AppState.IDLE
19:01:54 | DEBUG    | src.pik2video.gui.windows           | retranslate_ui вызван, язык: ru
19:02:26 | DEBUG    | src.pik2video.gui.windows           | вызван closeEvent. Текущая сессия завершена
19:11:17 | INFO     | Pik2Video                           | ============================================================
19:11:17 | INFO     | Pik2Video                           | Логирование настроено
19:11:17 | INFO     | Pik2Video                           | Режим DEBUG: True
19:11:17 | INFO     | Pik2Video                           | Файл логов: /Users/admin/Desktop/Pik2Video/logs/pik2video_2026-05-22.log
19:11:17 | INFO     | Pik2Video                           | ============================================================
19:11:18 | DEBUG    | fsevents                            | NativeEvent(path="/Users/admin/Desktop/Pik2Video/src/pik2video/gui/__pycache__/overlays.cpython-312.pyc.4693698480", inode=12832817, flags=19900, id=222090329): is_coalesced, is_created, is_file, is_modified, is_renamed, is_xattr_mod
19:11:18 | DEBUG    | fsevents                            | NativeEvent(path="/Users/admin/Desktop/Pik2Video/src/pik2video/gui/__pycache__/overlays.cpython-312.pyc", inode=12832817, flags=10800, id=222090330): is_file, is_renamed
19:11:18 | DEBUG    | fsevents                            | NativeEvent(path="/Users/admin/Desktop/Pik2Video/src/pik2video/gui/__pycache__/overlays.cpython-312.pyc", inode=12830590, flags=10800, id=222090331): is_file, is_renamed
19:11:18 | DEBUG    | fsevents                            | queue_event FileCreatedEvent(src_path='/Users/admin/Desktop/Pik2Video/src/pik2video/gui/__pycache__/overlays.cpython-312.pyc.4693698480', dest_path='', event_type='created', is_directory=False, is_synthetic=False)
19:11:18 | DEBUG    | fsevents                            | queue_event DirModifiedEvent(src_path='/Users/admin/Desktop/Pik2Video/src/pik2video/gui/__pycache__', dest_path='', event_type='modified', is_directory=True, is_synthetic=False)
19:11:18 | DEBUG    | src.pik2video.application.settings_model | Настройки загружены из /Users/admin/.pik2video/settings.json
19:11:18 | DEBUG    | fsevents                            | queue_event FileModifiedEvent(src_path='/Users/admin/Desktop/Pik2Video/src/pik2video/gui/__pycache__/overlays.cpython-312.pyc.4693698480', dest_path='', event_type='modified', is_directory=False, is_synthetic=False)
19:11:18 | DEBUG    | fsevents                            | Destination event for rename is NativeEvent(path="/Users/admin/Desktop/Pik2Video/src/pik2video/gui/__pycache__/overlays.cpython-312.pyc", inode=12832817, flags=10800, id=222090330)
19:11:18 | DEBUG    | fsevents                            | queue_event FileMovedEvent(src_path='/Users/admin/Desktop/Pik2Video/src/pik2video/gui/__pycache__/overlays.cpython-312.pyc.4693698480', dest_path='/Users/admin/Desktop/Pik2Video/src/pik2video/gui/__pycache__/overlays.cpython-312.pyc', event_type='moved', is_directory=False, is_synthetic=False)
19:11:18 | DEBUG    | fsevents                            | queue_event DirModifiedEvent(src_path='/Users/admin/Desktop/Pik2Video/src/pik2video/gui/__pycache__', dest_path='', event_type='modified', is_directory=True, is_synthetic=False)
19:11:18 | DEBUG    | fsevents                            | queue_event DirModifiedEvent(src_path='/Users/admin/Desktop/Pik2Video/src/pik2video/gui/__pycache__', dest_path='', event_type='modified', is_directory=True, is_synthetic=False)
19:11:18 | DEBUG    | fsevents                            | queue_event FileDeletedEvent(src_path='/Users/admin/Desktop/Pik2Video/src/pik2video/gui/__pycache__/overlays.cpython-312.pyc', dest_path='', event_type='deleted', is_directory=False, is_synthetic=False)
19:11:18 | DEBUG    | fsevents                            | queue_event DirModifiedEvent(src_path='/Users/admin/Desktop/Pik2Video/src/pik2video/gui/__pycache__', dest_path='', event_type='modified', is_directory=True, is_synthetic=False)
19:11:18 | INFO     | src.pik2video.locale.translator     | Загружен язык: ru из /Users/admin/Desktop/Pik2Video/src/pik2video/locale/ru.json
19:11:18 | INFO     | src.pik2video.application.controller | FFmpeg найден при старте
19:11:18 | DEBUG    | src.pik2video.gui.windows           | retranslate_ui вызван, язык: ru
19:11:19 | INFO     | src.pik2video.application.controller | Запрошен PREPARING_VIDEO
19:11:19 | INFO     | src.pik2video.application.controller | FFmpeg найден
19:11:19 | DEBUG    | src.pik2video.application.controller | Отправляем state_changed: AppState.PREPARING_VIDEO
19:11:19 | DEBUG    | src.pik2video.app                   | Состояние: AppState.PREPARING_VIDEO
19:11:19 | DEBUG    | src.pik2video.app                   | always_on_top=True, is_preparing=True, should=True, current=True, state=AppState.PREPARING_VIDEO
19:11:19 | DEBUG    | src.pik2video.app                   | Показываем видео сессию в MainWindow
19:11:19 | DEBUG    | src.pik2video.app                   | Overlay показан
19:11:19 | DEBUG    | src.pik2video.gui.overlays          | Область обновлена из пресета: PySide6.QtCore.QRect(0, 0, 1440, 900)
19:11:19 | DEBUG    | src.pik2video.app                   | Установлен начальный пресет: {'x1': 0, 'y1': 0, 'x2': 1440, 'y2': 900}
19:11:19 | DEBUG    | src.pik2video.app                   | Окно пресетов показано
19:11:21 | INFO     | src.pik2video.application.controller | Запрошен CANCEL_SESSION
19:11:21 | DEBUG    | src.pik2video.application.controller | Очистка runtime-данных
19:11:21 | DEBUG    | src.pik2video.application.controller | Отправляем state_changed: AppState.IDLE
19:11:21 | DEBUG    | src.pik2video.app                   | Состояние: AppState.IDLE
19:11:21 | DEBUG    | src.pik2video.app                   | always_on_top=True, is_preparing=False, should=True, current=True, state=AppState.IDLE
19:11:21 | DEBUG    | src.pik2video.gui.windows           | retranslate_ui вызван, язык: ru
19:11:22 | DEBUG    | src.pik2video.gui.windows           | вызван closeEvent. Текущая сессия завершена
19:19:10 | INFO     | Pik2Video                           | ============================================================
19:19:10 | INFO     | Pik2Video                           | Логирование настроено
19:19:10 | INFO     | Pik2Video                           | Режим DEBUG: True
19:19:10 | INFO     | Pik2Video                           | Файл логов: /Users/admin/Desktop/Pik2Video/logs/pik2video_2026-05-22.log
19:19:10 | INFO     | Pik2Video                           | ============================================================
19:19:11 | DEBUG    | fsevents                            | NativeEvent(path="/Users/admin/Desktop/Pik2Video/src/pik2video/gui/__pycache__/overlays.cpython-312.pyc.4633569200", inode=12833119, flags=19900, id=222095731): is_coalesced, is_created, is_file, is_modified, is_renamed, is_xattr_mod
19:19:11 | DEBUG    | fsevents                            | NativeEvent(path="/Users/admin/Desktop/Pik2Video/src/pik2video/gui/__pycache__/overlays.cpython-312.pyc", inode=12833119, flags=10800, id=222095732): is_file, is_renamed
19:19:11 | DEBUG    | fsevents                            | NativeEvent(path="/Users/admin/Desktop/Pik2Video/src/pik2video/gui/__pycache__/overlays.cpython-312.pyc", inode=12832817, flags=10800, id=222095733): is_file, is_renamed
19:19:11 | DEBUG    | fsevents                            | queue_event FileCreatedEvent(src_path='/Users/admin/Desktop/Pik2Video/src/pik2video/gui/__pycache__/overlays.cpython-312.pyc.4633569200', dest_path='', event_type='created', is_directory=False, is_synthetic=False)
19:19:11 | DEBUG    | fsevents                            | queue_event DirModifiedEvent(src_path='/Users/admin/Desktop/Pik2Video/src/pik2video/gui/__pycache__', dest_path='', event_type='modified', is_directory=True, is_synthetic=False)
19:19:11 | DEBUG    | fsevents                            | queue_event FileModifiedEvent(src_path='/Users/admin/Desktop/Pik2Video/src/pik2video/gui/__pycache__/overlays.cpython-312.pyc.4633569200', dest_path='', event_type='modified', is_directory=False, is_synthetic=False)
19:19:11 | DEBUG    | fsevents                            | Destination event for rename is NativeEvent(path="/Users/admin/Desktop/Pik2Video/src/pik2video/gui/__pycache__/overlays.cpython-312.pyc", inode=12833119, flags=10800, id=222095732)
19:19:11 | DEBUG    | src.pik2video.application.settings_model | Настройки загружены из /Users/admin/.pik2video/settings.json
19:19:11 | DEBUG    | fsevents                            | queue_event FileMovedEvent(src_path='/Users/admin/Desktop/Pik2Video/src/pik2video/gui/__pycache__/overlays.cpython-312.pyc.4633569200', dest_path='/Users/admin/Desktop/Pik2Video/src/pik2video/gui/__pycache__/overlays.cpython-312.pyc', event_type='moved', is_directory=False, is_synthetic=False)
19:19:11 | DEBUG    | fsevents                            | queue_event DirModifiedEvent(src_path='/Users/admin/Desktop/Pik2Video/src/pik2video/gui/__pycache__', dest_path='', event_type='modified', is_directory=True, is_synthetic=False)
19:19:11 | DEBUG    | fsevents                            | queue_event DirModifiedEvent(src_path='/Users/admin/Desktop/Pik2Video/src/pik2video/gui/__pycache__', dest_path='', event_type='modified', is_directory=True, is_synthetic=False)
19:19:11 | DEBUG    | fsevents                            | queue_event FileDeletedEvent(src_path='/Users/admin/Desktop/Pik2Video/src/pik2video/gui/__pycache__/overlays.cpython-312.pyc', dest_path='', event_type='deleted', is_directory=False, is_synthetic=False)
19:19:11 | DEBUG    | fsevents                            | queue_event DirModifiedEvent(src_path='/Users/admin/Desktop/Pik2Video/src/pik2video/gui/__pycache__', dest_path='', event_type='modified', is_directory=True, is_synthetic=False)
19:19:11 | INFO     | src.pik2video.locale.translator     | Загружен язык: ru из /Users/admin/Desktop/Pik2Video/src/pik2video/locale/ru.json
19:19:11 | INFO     | src.pik2video.application.controller | FFmpeg найден при старте
19:19:11 | DEBUG    | src.pik2video.gui.windows           | retranslate_ui вызван, язык: ru
19:19:12 | INFO     | src.pik2video.application.controller | Запрошен PREPARING_VIDEO
19:19:12 | INFO     | src.pik2video.application.controller | FFmpeg найден
19:19:12 | DEBUG    | src.pik2video.application.controller | Отправляем state_changed: AppState.PREPARING_VIDEO
19:19:12 | DEBUG    | src.pik2video.app                   | Состояние: AppState.PREPARING_VIDEO
19:19:12 | DEBUG    | src.pik2video.app                   | always_on_top=True, is_preparing=True, should=True, current=True, state=AppState.PREPARING_VIDEO
19:19:12 | DEBUG    | src.pik2video.app                   | Показываем видео сессию в MainWindow
19:19:12 | DEBUG    | src.pik2video.app                   | Overlay показан
19:19:12 | DEBUG    | src.pik2video.gui.overlays          | Область обновлена из пресета: PySide6.QtCore.QRect(0, 0, 1440, 900)
19:19:12 | DEBUG    | src.pik2video.app                   | Установлен начальный пресет: {'x1': 0, 'y1': 0, 'x2': 1440, 'y2': 900}
19:19:12 | DEBUG    | src.pik2video.app                   | Окно пресетов показано
19:19:25 | INFO     | src.pik2video.application.controller | Запрошен CANCEL_SESSION
19:19:25 | DEBUG    | src.pik2video.application.controller | Очистка runtime-данных
19:19:25 | DEBUG    | src.pik2video.application.controller | Отправляем state_changed: AppState.IDLE
19:19:25 | DEBUG    | src.pik2video.app                   | Состояние: AppState.IDLE
19:19:25 | DEBUG    | src.pik2video.app                   | always_on_top=True, is_preparing=False, should=True, current=True, state=AppState.IDLE
19:19:25 | DEBUG    | src.pik2video.gui.windows           | retranslate_ui вызван, язык: ru
19:20:07 | INFO     | src.pik2video.application.controller | Запрошен PREPARING_VIDEO
19:20:07 | INFO     | src.pik2video.application.controller | FFmpeg найден
19:20:07 | DEBUG    | src.pik2video.application.controller | Отправляем state_changed: AppState.PREPARING_VIDEO
19:20:07 | DEBUG    | src.pik2video.app                   | Состояние: AppState.PREPARING_VIDEO
19:20:07 | DEBUG    | src.pik2video.app                   | always_on_top=True, is_preparing=True, should=True, current=True, state=AppState.PREPARING_VIDEO
19:20:07 | DEBUG    | src.pik2video.app                   | Показываем видео сессию в MainWindow
19:20:07 | DEBUG    | src.pik2video.app                   | Overlay показан
19:20:07 | DEBUG    | src.pik2video.gui.overlays          | Область обновлена из пресета: PySide6.QtCore.QRect(0, 0, 1440, 900)
19:20:07 | DEBUG    | src.pik2video.app                   | Установлен начальный пресет: {'x1': 0, 'y1': 0, 'x2': 1440, 'y2': 900}
19:20:07 | DEBUG    | src.pik2video.app                   | Окно пресетов показано
19:20:16 | DEBUG    | src.pik2video.app                   | Выбран пресет с координатами: {'x1': 525, 'x2': 915, 'y1': 28, 'y2': 872}
19:20:16 | DEBUG    | src.pik2video.application.controller | Регион установлен: {'left': 525, 'top': 28, 'width': 390, 'height': 844}
19:20:16 | DEBUG    | src.pik2video.gui.overlays          | Область обновлена из пресета: PySide6.QtCore.QRect(525, 28, 390, 844)
19:20:16 | DEBUG    | src.pik2video.app                   | Область обновлена на overlay
19:20:28 | INFO     | src.pik2video.application.controller | Запрошен CANCEL_SESSION
19:20:28 | DEBUG    | src.pik2video.application.controller | Очистка runtime-данных
19:20:28 | DEBUG    | src.pik2video.application.controller | Отправляем state_changed: AppState.IDLE
19:20:28 | DEBUG    | src.pik2video.app                   | Состояние: AppState.IDLE
19:20:28 | DEBUG    | src.pik2video.app                   | always_on_top=True, is_preparing=False, should=True, current=True, state=AppState.IDLE
19:20:28 | DEBUG    | src.pik2video.gui.windows           | retranslate_ui вызван, язык: ru
19:20:44 | INFO     | src.pik2video.application.controller | Запрошен PREPARING_VIDEO
19:20:44 | INFO     | src.pik2video.application.controller | FFmpeg найден
19:20:44 | DEBUG    | src.pik2video.application.controller | Отправляем state_changed: AppState.PREPARING_VIDEO
19:20:44 | DEBUG    | src.pik2video.app                   | Состояние: AppState.PREPARING_VIDEO
19:20:44 | DEBUG    | src.pik2video.app                   | always_on_top=True, is_preparing=True, should=True, current=True, state=AppState.PREPARING_VIDEO
19:20:44 | DEBUG    | src.pik2video.app                   | Показываем видео сессию в MainWindow
19:20:44 | DEBUG    | src.pik2video.app                   | Overlay показан
19:20:44 | DEBUG    | src.pik2video.gui.overlays          | Область обновлена из пресета: PySide6.QtCore.QRect(0, 0, 1440, 900)
19:20:44 | DEBUG    | src.pik2video.app                   | Установлен начальный пресет: {'x1': 0, 'y1': 0, 'x2': 1440, 'y2': 900}
19:20:44 | DEBUG    | src.pik2video.app                   | Окно пресетов показано
19:20:53 | INFO     | src.pik2video.application.controller | Запрошен CANCEL_SESSION
19:20:53 | DEBUG    | src.pik2video.application.controller | Очистка runtime-данных
19:20:53 | DEBUG    | src.pik2video.application.controller | Отправляем state_changed: AppState.IDLE
19:20:53 | DEBUG    | src.pik2video.app                   | Состояние: AppState.IDLE
19:20:53 | DEBUG    | src.pik2video.app                   | always_on_top=True, is_preparing=False, should=True, current=True, state=AppState.IDLE
19:20:53 | DEBUG    | src.pik2video.gui.windows           | retranslate_ui вызван, язык: ru
20:12:29 | DEBUG    | src.pik2video.gui.windows           | вызван closeEvent. Текущая сессия завершена
21:01:22 | INFO     | Pik2Video                           | ============================================================
21:01:22 | INFO     | Pik2Video                           | Логирование настроено
21:01:22 | INFO     | Pik2Video                           | Режим DEBUG: True
21:01:22 | INFO     | Pik2Video                           | Файл логов: /Users/admin/Desktop/Pik2Video/logs/pik2video_2026-05-22.log
21:01:22 | INFO     | Pik2Video                           | ============================================================
21:01:23 | DEBUG    | src.pik2video.application.settings_model | Настройки загружены из /Users/admin/.pik2video/settings.json
21:01:23 | INFO     | src.pik2video.locale.translator     | Загружен язык: ru из /Users/admin/Desktop/Pik2Video/src/pik2video/locale/ru.json
21:01:23 | INFO     | src.pik2video.application.controller | FFmpeg найден при старте
21:01:23 | DEBUG    | src.pik2video.gui.windows           | retranslate_ui вызван, язык: ru
21:01:30 | INFO     | src.pik2video.application.controller | Запрошен PREPARING_VIDEO
21:01:30 | INFO     | src.pik2video.application.controller | FFmpeg найден
21:01:30 | DEBUG    | src.pik2video.application.controller | Отправляем state_changed: AppState.PREPARING_VIDEO
21:01:30 | DEBUG    | src.pik2video.app                   | Состояние: AppState.PREPARING_VIDEO
21:01:30 | DEBUG    | src.pik2video.app                   | always_on_top=True, is_preparing=True, should=True, current=True, state=AppState.PREPARING_VIDEO
21:01:30 | DEBUG    | src.pik2video.app                   | Показываем видео сессию в MainWindow
21:01:30 | DEBUG    | src.pik2video.app                   | Overlay показан
21:01:30 | DEBUG    | src.pik2video.gui.overlays          | Область обновлена из пресета: PySide6.QtCore.QRect(0, 0, 1440, 900)
21:01:30 | DEBUG    | src.pik2video.app                   | Установлен начальный пресет: {'x1': 0, 'y1': 0, 'x2': 1440, 'y2': 900}
21:01:30 | DEBUG    | src.pik2video.app                   | Окно пресетов показано
21:01:36 | INFO     | src.pik2video.application.controller | Запрошен CANCEL_SESSION
21:01:36 | DEBUG    | src.pik2video.application.controller | Очистка runtime-данных
21:01:36 | DEBUG    | src.pik2video.application.controller | Отправляем state_changed: AppState.IDLE
21:01:36 | DEBUG    | src.pik2video.app                   | Состояние: AppState.IDLE
21:01:36 | DEBUG    | src.pik2video.app                   | always_on_top=True, is_preparing=False, should=True, current=True, state=AppState.IDLE
21:01:36 | DEBUG    | src.pik2video.gui.windows           | retranslate_ui вызван, язык: ru
21:01:39 | INFO     | src.pik2video.application.controller | Запрошен PREPARING_VIDEO
21:01:39 | INFO     | src.pik2video.application.controller | FFmpeg найден
21:01:39 | DEBUG    | src.pik2video.application.controller | Отправляем state_changed: AppState.PREPARING_VIDEO
21:01:39 | DEBUG    | src.pik2video.app                   | Состояние: AppState.PREPARING_VIDEO
21:01:39 | DEBUG    | src.pik2video.app                   | always_on_top=True, is_preparing=True, should=True, current=True, state=AppState.PREPARING_VIDEO
21:01:39 | DEBUG    | src.pik2video.app                   | Показываем видео сессию в MainWindow
21:01:39 | DEBUG    | src.pik2video.app                   | Overlay показан
21:01:39 | DEBUG    | src.pik2video.gui.overlays          | Область обновлена из пресета: PySide6.QtCore.QRect(0, 0, 1440, 900)
21:01:39 | DEBUG    | src.pik2video.app                   | Установлен начальный пресет: {'x1': 0, 'y1': 0, 'x2': 1440, 'y2': 900}
21:01:39 | DEBUG    | src.pik2video.app                   | Окно пресетов показано
21:01:43 | INFO     | src.pik2video.application.controller | Запрошен CANCEL_SESSION
21:01:43 | DEBUG    | src.pik2video.application.controller | Очистка runtime-данных
21:01:43 | DEBUG    | src.pik2video.application.controller | Отправляем state_changed: AppState.IDLE
21:01:43 | DEBUG    | src.pik2video.app                   | Состояние: AppState.IDLE
21:01:43 | DEBUG    | src.pik2video.app                   | always_on_top=True, is_preparing=False, should=True, current=True, state=AppState.IDLE
21:01:43 | DEBUG    | src.pik2video.gui.windows           | retranslate_ui вызван, язык: ru
21:01:53 | DEBUG    | fsevents                            | NativeEvent(path="/Users/admin/Desktop/Pik2Video/src/pik2video/gui/overlays.py", inode=7381394, flags=11400, id=222210150): is_file, is_inode_meta_mod, is_modified
21:01:53 | DEBUG    | fsevents                            | queue_event FileModifiedEvent(src_path='/Users/admin/Desktop/Pik2Video/src/pik2video/gui/overlays.py', dest_path='', event_type='modified', is_directory=False, is_synthetic=False)
21:01:53 | INFO     | Pik2Video                           | ============================================================
21:01:53 | INFO     | Pik2Video                           | Логирование настроено
21:01:53 | INFO     | Pik2Video                           | Режим DEBUG: True
21:01:53 | INFO     | Pik2Video                           | Файл логов: /Users/admin/Desktop/Pik2Video/logs/pik2video_2026-05-22.log
21:01:53 | INFO     | Pik2Video                           | ============================================================
21:01:53 | DEBUG    | fsevents                            | NativeEvent(path="/Users/admin/Desktop/Pik2Video/src/pik2video/gui/__pycache__/overlays.cpython-312.pyc.4693583664", inode=12840966, flags=19900, id=222210183): is_coalesced, is_created, is_file, is_modified, is_renamed, is_xattr_mod
21:01:53 | DEBUG    | fsevents                            | NativeEvent(path="/Users/admin/Desktop/Pik2Video/src/pik2video/gui/__pycache__/overlays.cpython-312.pyc", inode=12840966, flags=10800, id=222210184): is_file, is_renamed
21:01:53 | DEBUG    | fsevents                            | NativeEvent(path="/Users/admin/Desktop/Pik2Video/src/pik2video/gui/__pycache__/overlays.cpython-312.pyc", inode=12833119, flags=10800, id=222210185): is_file, is_renamed
21:01:53 | DEBUG    | fsevents                            | queue_event FileCreatedEvent(src_path='/Users/admin/Desktop/Pik2Video/src/pik2video/gui/__pycache__/overlays.cpython-312.pyc.4693583664', dest_path='', event_type='created', is_directory=False, is_synthetic=False)
21:01:53 | DEBUG    | src.pik2video.application.settings_model | Настройки загружены из /Users/admin/.pik2video/settings.json
21:01:53 | DEBUG    | fsevents                            | queue_event DirModifiedEvent(src_path='/Users/admin/Desktop/Pik2Video/src/pik2video/gui/__pycache__', dest_path='', event_type='modified', is_directory=True, is_synthetic=False)
21:01:53 | DEBUG    | fsevents                            | queue_event FileModifiedEvent(src_path='/Users/admin/Desktop/Pik2Video/src/pik2video/gui/__pycache__/overlays.cpython-312.pyc.4693583664', dest_path='', event_type='modified', is_directory=False, is_synthetic=False)
21:01:53 | DEBUG    | fsevents                            | Destination event for rename is NativeEvent(path="/Users/admin/Desktop/Pik2Video/src/pik2video/gui/__pycache__/overlays.cpython-312.pyc", inode=12840966, flags=10800, id=222210184)
21:01:53 | DEBUG    | fsevents                            | queue_event FileMovedEvent(src_path='/Users/admin/Desktop/Pik2Video/src/pik2video/gui/__pycache__/overlays.cpython-312.pyc.4693583664', dest_path='/Users/admin/Desktop/Pik2Video/src/pik2video/gui/__pycache__/overlays.cpython-312.pyc', event_type='moved', is_directory=False, is_synthetic=False)
21:01:53 | DEBUG    | fsevents                            | queue_event DirModifiedEvent(src_path='/Users/admin/Desktop/Pik2Video/src/pik2video/gui/__pycache__', dest_path='', event_type='modified', is_directory=True, is_synthetic=False)
21:01:53 | DEBUG    | fsevents                            | queue_event DirModifiedEvent(src_path='/Users/admin/Desktop/Pik2Video/src/pik2video/gui/__pycache__', dest_path='', event_type='modified', is_directory=True, is_synthetic=False)
21:01:53 | INFO     | src.pik2video.locale.translator     | Загружен язык: ru из /Users/admin/Desktop/Pik2Video/src/pik2video/locale/ru.json
21:01:53 | DEBUG    | fsevents                            | queue_event FileDeletedEvent(src_path='/Users/admin/Desktop/Pik2Video/src/pik2video/gui/__pycache__/overlays.cpython-312.pyc', dest_path='', event_type='deleted', is_directory=False, is_synthetic=False)
21:01:53 | DEBUG    | fsevents                            | queue_event DirModifiedEvent(src_path='/Users/admin/Desktop/Pik2Video/src/pik2video/gui/__pycache__', dest_path='', event_type='modified', is_directory=True, is_synthetic=False)
21:01:53 | INFO     | src.pik2video.application.controller | FFmpeg найден при старте
21:01:53 | DEBUG    | src.pik2video.gui.windows           | retranslate_ui вызван, язык: ru
21:01:54 | INFO     | src.pik2video.application.controller | Запрошен PREPARING_VIDEO
21:01:54 | INFO     | src.pik2video.application.controller | FFmpeg найден
21:01:54 | DEBUG    | src.pik2video.application.controller | Отправляем state_changed: AppState.PREPARING_VIDEO
21:01:54 | DEBUG    | src.pik2video.app                   | Состояние: AppState.PREPARING_VIDEO
21:01:54 | DEBUG    | src.pik2video.app                   | always_on_top=True, is_preparing=True, should=True, current=True, state=AppState.PREPARING_VIDEO
21:01:54 | DEBUG    | src.pik2video.app                   | Показываем видео сессию в MainWindow
21:01:54 | DEBUG    | src.pik2video.app                   | Overlay показан
21:01:54 | DEBUG    | src.pik2video.gui.overlays          | Область обновлена из пресета: PySide6.QtCore.QRect(0, 0, 1440, 900)
21:01:54 | DEBUG    | src.pik2video.app                   | Установлен начальный пресет: {'x1': 0, 'y1': 0, 'x2': 1440, 'y2': 900}
21:01:54 | DEBUG    | src.pik2video.app                   | Окно пресетов показано
21:02:10 | INFO     | src.pik2video.application.controller | Запрошен CANCEL_SESSION
21:02:10 | DEBUG    | src.pik2video.application.controller | Очистка runtime-данных
21:02:10 | DEBUG    | src.pik2video.application.controller | Отправляем state_changed: AppState.IDLE
21:02:10 | DEBUG    | src.pik2video.app                   | Состояние: AppState.IDLE
21:02:10 | DEBUG    | src.pik2video.app                   | always_on_top=True, is_preparing=False, should=True, current=True, state=AppState.IDLE
21:02:10 | DEBUG    | src.pik2video.gui.windows           | retranslate_ui вызван, язык: ru
21:02:14 | DEBUG    | fsevents                            | NativeEvent(path="/Users/admin/Desktop/Pik2Video/src/pik2video/gui/overlays.py", inode=7381394, flags=11400, id=222210763): is_file, is_inode_meta_mod, is_modified
21:02:14 | DEBUG    | fsevents                            | queue_event FileModifiedEvent(src_path='/Users/admin/Desktop/Pik2Video/src/pik2video/gui/overlays.py', dest_path='', event_type='modified', is_directory=False, is_synthetic=False)
21:02:14 | INFO     | Pik2Video                           | ============================================================
21:02:14 | INFO     | Pik2Video                           | Логирование настроено
21:02:14 | INFO     | Pik2Video                           | Режим DEBUG: True
21:02:14 | INFO     | Pik2Video                           | Файл логов: /Users/admin/Desktop/Pik2Video/logs/pik2video_2026-05-22.log
21:02:14 | INFO     | Pik2Video                           | ============================================================
21:02:15 | DEBUG    | fsevents                            | NativeEvent(path="/Users/admin/Desktop/Pik2Video/src/pik2video/gui/__pycache__/overlays.cpython-312.pyc.4654425904", inode=12841010, flags=19900, id=222210803): is_coalesced, is_created, is_file, is_modified, is_renamed, is_xattr_mod
21:02:15 | DEBUG    | fsevents                            | NativeEvent(path="/Users/admin/Desktop/Pik2Video/src/pik2video/gui/__pycache__/overlays.cpython-312.pyc", inode=12841010, flags=10800, id=222210804): is_file, is_renamed
21:02:15 | DEBUG    | fsevents                            | NativeEvent(path="/Users/admin/Desktop/Pik2Video/src/pik2video/gui/__pycache__/overlays.cpython-312.pyc", inode=12840966, flags=10800, id=222210805): is_file, is_renamed
21:02:15 | DEBUG    | fsevents                            | queue_event FileCreatedEvent(src_path='/Users/admin/Desktop/Pik2Video/src/pik2video/gui/__pycache__/overlays.cpython-312.pyc.4654425904', dest_path='', event_type='created', is_directory=False, is_synthetic=False)
21:02:15 | DEBUG    | fsevents                            | queue_event DirModifiedEvent(src_path='/Users/admin/Desktop/Pik2Video/src/pik2video/gui/__pycache__', dest_path='', event_type='modified', is_directory=True, is_synthetic=False)
21:02:15 | DEBUG    | src.pik2video.application.settings_model | Настройки загружены из /Users/admin/.pik2video/settings.json
21:02:15 | DEBUG    | fsevents                            | queue_event FileModifiedEvent(src_path='/Users/admin/Desktop/Pik2Video/src/pik2video/gui/__pycache__/overlays.cpython-312.pyc.4654425904', dest_path='', event_type='modified', is_directory=False, is_synthetic=False)
21:02:15 | DEBUG    | fsevents                            | Destination event for rename is NativeEvent(path="/Users/admin/Desktop/Pik2Video/src/pik2video/gui/__pycache__/overlays.cpython-312.pyc", inode=12841010, flags=10800, id=222210804)
21:02:15 | DEBUG    | fsevents                            | queue_event FileMovedEvent(src_path='/Users/admin/Desktop/Pik2Video/src/pik2video/gui/__pycache__/overlays.cpython-312.pyc.4654425904', dest_path='/Users/admin/Desktop/Pik2Video/src/pik2video/gui/__pycache__/overlays.cpython-312.pyc', event_type='moved', is_directory=False, is_synthetic=False)
21:02:15 | DEBUG    | fsevents                            | queue_event DirModifiedEvent(src_path='/Users/admin/Desktop/Pik2Video/src/pik2video/gui/__pycache__', dest_path='', event_type='modified', is_directory=True, is_synthetic=False)
21:02:15 | DEBUG    | fsevents                            | queue_event DirModifiedEvent(src_path='/Users/admin/Desktop/Pik2Video/src/pik2video/gui/__pycache__', dest_path='', event_type='modified', is_directory=True, is_synthetic=False)
21:02:15 | DEBUG    | fsevents                            | queue_event FileDeletedEvent(src_path='/Users/admin/Desktop/Pik2Video/src/pik2video/gui/__pycache__/overlays.cpython-312.pyc', dest_path='', event_type='deleted', is_directory=False, is_synthetic=False)
21:02:15 | DEBUG    | fsevents                            | queue_event DirModifiedEvent(src_path='/Users/admin/Desktop/Pik2Video/src/pik2video/gui/__pycache__', dest_path='', event_type='modified', is_directory=True, is_synthetic=False)
21:02:15 | INFO     | src.pik2video.locale.translator     | Загружен язык: ru из /Users/admin/Desktop/Pik2Video/src/pik2video/locale/ru.json
21:02:15 | INFO     | src.pik2video.application.controller | FFmpeg найден при старте
21:02:15 | DEBUG    | src.pik2video.gui.windows           | retranslate_ui вызван, язык: ru
21:02:16 | INFO     | src.pik2video.application.controller | Запрошен PREPARING_VIDEO
21:02:16 | INFO     | src.pik2video.application.controller | FFmpeg найден
21:02:16 | DEBUG    | src.pik2video.application.controller | Отправляем state_changed: AppState.PREPARING_VIDEO
21:02:16 | DEBUG    | src.pik2video.app                   | Состояние: AppState.PREPARING_VIDEO
21:02:16 | DEBUG    | src.pik2video.app                   | always_on_top=True, is_preparing=True, should=True, current=True, state=AppState.PREPARING_VIDEO
21:02:16 | DEBUG    | src.pik2video.app                   | Показываем видео сессию в MainWindow
21:02:16 | DEBUG    | src.pik2video.app                   | Overlay показан
21:02:16 | DEBUG    | src.pik2video.gui.overlays          | Область обновлена из пресета: PySide6.QtCore.QRect(0, 0, 1440, 900)
21:02:16 | DEBUG    | src.pik2video.app                   | Установлен начальный пресет: {'x1': 0, 'y1': 0, 'x2': 1440, 'y2': 900}
21:02:16 | DEBUG    | src.pik2video.app                   | Окно пресетов показано
21:02:26 | DEBUG    | src.pik2video.gui.windows           | вызван closeEvent. Текущая сессия завершена
21:02:56 | INFO     | Pik2Video                           | ============================================================
21:02:56 | INFO     | Pik2Video                           | Логирование настроено
21:02:56 | INFO     | Pik2Video                           | Режим DEBUG: True
21:02:56 | INFO     | Pik2Video                           | Файл логов: /Users/admin/Desktop/Pik2Video/logs/pik2video_2026-05-22.log
21:02:56 | INFO     | Pik2Video                           | ============================================================
21:02:56 | DEBUG    | fsevents                            | NativeEvent(path="/Users/admin/Desktop/Pik2Video/src/pik2video/gui/__pycache__/overlays.cpython-312.pyc.4694681520", inode=12841128, flags=19900, id=222212557): is_coalesced, is_created, is_file, is_modified, is_renamed, is_xattr_mod
21:02:56 | DEBUG    | fsevents                            | NativeEvent(path="/Users/admin/Desktop/Pik2Video/src/pik2video/gui/__pycache__/overlays.cpython-312.pyc", inode=12841128, flags=10800, id=222212558): is_file, is_renamed
21:02:56 | DEBUG    | fsevents                            | NativeEvent(path="/Users/admin/Desktop/Pik2Video/src/pik2video/gui/__pycache__/overlays.cpython-312.pyc", inode=12841010, flags=10800, id=222212559): is_file, is_renamed
21:02:56 | DEBUG    | fsevents                            | queue_event FileCreatedEvent(src_path='/Users/admin/Desktop/Pik2Video/src/pik2video/gui/__pycache__/overlays.cpython-312.pyc.4694681520', dest_path='', event_type='created', is_directory=False, is_synthetic=False)
21:02:56 | DEBUG    | src.pik2video.application.settings_model | Настройки загружены из /Users/admin/.pik2video/settings.json
21:02:56 | DEBUG    | fsevents                            | queue_event DirModifiedEvent(src_path='/Users/admin/Desktop/Pik2Video/src/pik2video/gui/__pycache__', dest_path='', event_type='modified', is_directory=True, is_synthetic=False)
21:02:56 | DEBUG    | fsevents                            | queue_event FileModifiedEvent(src_path='/Users/admin/Desktop/Pik2Video/src/pik2video/gui/__pycache__/overlays.cpython-312.pyc.4694681520', dest_path='', event_type='modified', is_directory=False, is_synthetic=False)
21:02:56 | DEBUG    | fsevents                            | Destination event for rename is NativeEvent(path="/Users/admin/Desktop/Pik2Video/src/pik2video/gui/__pycache__/overlays.cpython-312.pyc", inode=12841128, flags=10800, id=222212558)
21:02:56 | DEBUG    | fsevents                            | queue_event FileMovedEvent(src_path='/Users/admin/Desktop/Pik2Video/src/pik2video/gui/__pycache__/overlays.cpython-312.pyc.4694681520', dest_path='/Users/admin/Desktop/Pik2Video/src/pik2video/gui/__pycache__/overlays.cpython-312.pyc', event_type='moved', is_directory=False, is_synthetic=False)
21:02:56 | DEBUG    | fsevents                            | queue_event DirModifiedEvent(src_path='/Users/admin/Desktop/Pik2Video/src/pik2video/gui/__pycache__', dest_path='', event_type='modified', is_directory=True, is_synthetic=False)
21:02:56 | DEBUG    | fsevents                            | queue_event DirModifiedEvent(src_path='/Users/admin/Desktop/Pik2Video/src/pik2video/gui/__pycache__', dest_path='', event_type='modified', is_directory=True, is_synthetic=False)
21:02:56 | INFO     | src.pik2video.locale.translator     | Загружен язык: ru из /Users/admin/Desktop/Pik2Video/src/pik2video/locale/ru.json
21:02:56 | DEBUG    | fsevents                            | queue_event FileDeletedEvent(src_path='/Users/admin/Desktop/Pik2Video/src/pik2video/gui/__pycache__/overlays.cpython-312.pyc', dest_path='', event_type='deleted', is_directory=False, is_synthetic=False)
21:02:56 | DEBUG    | fsevents                            | queue_event DirModifiedEvent(src_path='/Users/admin/Desktop/Pik2Video/src/pik2video/gui/__pycache__', dest_path='', event_type='modified', is_directory=True, is_synthetic=False)
21:02:56 | INFO     | src.pik2video.application.controller | FFmpeg найден при старте
21:02:56 | DEBUG    | src.pik2video.gui.windows           | retranslate_ui вызван, язык: ru
21:02:58 | INFO     | src.pik2video.application.controller | Запрошен PREPARING_VIDEO
21:02:58 | INFO     | src.pik2video.application.controller | FFmpeg найден
21:02:58 | DEBUG    | src.pik2video.application.controller | Отправляем state_changed: AppState.PREPARING_VIDEO
21:02:58 | DEBUG    | src.pik2video.app                   | Состояние: AppState.PREPARING_VIDEO
21:02:58 | DEBUG    | src.pik2video.app                   | always_on_top=True, is_preparing=True, should=True, current=True, state=AppState.PREPARING_VIDEO
21:02:58 | DEBUG    | src.pik2video.app                   | Показываем видео сессию в MainWindow
21:02:58 | DEBUG    | src.pik2video.app                   | Overlay показан
21:02:58 | DEBUG    | src.pik2video.gui.overlays          | Область обновлена из пресета: PySide6.QtCore.QRect(0, 0, 1440, 900)
21:02:58 | DEBUG    | src.pik2video.app                   | Установлен начальный пресет: {'x1': 0, 'y1': 0, 'x2': 1440, 'y2': 900}
21:02:58 | DEBUG    | src.pik2video.app                   | Окно пресетов показано
21:03:07 | DEBUG    | src.pik2video.app                   | Получены координаты: {'x1': 208, 'x2': 925, 'y1': 115, 'y2': 708}
21:03:07 | DEBUG    | src.pik2video.application.controller | Регион установлен: {'left': 208, 'top': 115, 'width': 717, 'height': 593}
21:03:07 | DEBUG    | src.pik2video.app                   | Координаты переданы в контроллер
21:03:10 | DEBUG    | src.pik2video.app                   | Получены координаты: {'x1': 182, 'x2': 990, 'y1': 152, 'y2': 752}
21:03:10 | DEBUG    | src.pik2video.application.controller | Регион установлен: {'left': 182, 'top': 152, 'width': 808, 'height': 600}
21:03:10 | DEBUG    | src.pik2video.app                   | Координаты переданы в контроллер
21:03:11 | DEBUG    | src.pik2video.app                   | Получены координаты: {'x1': 216, 'x2': 665, 'y1': 271, 'y2': 682}
21:03:11 | DEBUG    | src.pik2video.application.controller | Регион установлен: {'left': 216, 'top': 271, 'width': 449, 'height': 411}
21:03:11 | DEBUG    | src.pik2video.app                   | Координаты переданы в контроллер
21:03:12 | DEBUG    | src.pik2video.app                   | Получены координаты: {'x1': 292, 'x2': 811, 'y1': 313, 'y2': 605}
21:03:12 | DEBUG    | src.pik2video.application.controller | Регион установлен: {'left': 292, 'top': 313, 'width': 519, 'height': 292}
21:03:12 | DEBUG    | src.pik2video.app                   | Координаты переданы в контроллер
21:03:16 | INFO     | src.pik2video.application.controller | Запрошен CANCEL_SESSION
21:03:16 | DEBUG    | src.pik2video.application.controller | Очистка runtime-данных
21:03:16 | DEBUG    | src.pik2video.application.controller | Отправляем state_changed: AppState.IDLE
21:03:16 | DEBUG    | src.pik2video.app                   | Состояние: AppState.IDLE
21:03:16 | DEBUG    | src.pik2video.app                   | always_on_top=True, is_preparing=False, should=True, current=True, state=AppState.IDLE
21:03:16 | DEBUG    | src.pik2video.gui.windows           | retranslate_ui вызван, язык: ru
21:03:17 | DEBUG    | src.pik2video.gui.windows           | вызван closeEvent. Текущая сессия завершена
21:47:16 | INFO     | Pik2Video                           | ============================================================
21:47:16 | INFO     | Pik2Video                           | Логирование настроено
21:47:16 | INFO     | Pik2Video                           | Режим DEBUG: True
21:47:16 | INFO     | Pik2Video                           | Файл логов: /Users/admin/Desktop/Pik2Video/logs/pik2video_2026-05-22.log
21:47:16 | INFO     | Pik2Video                           | ============================================================
21:47:17 | DEBUG    | fsevents                            | NativeEvent(path="/Users/admin/Desktop/Pik2Video/src/pik2video/gui/__pycache__/overlays.cpython-312.pyc.4637353904", inode=12846590, flags=19900, id=222294286): is_coalesced, is_created, is_file, is_modified, is_renamed, is_xattr_mod
21:47:17 | DEBUG    | fsevents                            | NativeEvent(path="/Users/admin/Desktop/Pik2Video/src/pik2video/gui/__pycache__/overlays.cpython-312.pyc", inode=12846590, flags=10800, id=222294287): is_file, is_renamed
21:47:17 | DEBUG    | fsevents                            | NativeEvent(path="/Users/admin/Desktop/Pik2Video/src/pik2video/gui/__pycache__/overlays.cpython-312.pyc", inode=12841128, flags=10800, id=222294288): is_file, is_renamed
21:47:17 | DEBUG    | fsevents                            | queue_event FileCreatedEvent(src_path='/Users/admin/Desktop/Pik2Video/src/pik2video/gui/__pycache__/overlays.cpython-312.pyc.4637353904', dest_path='', event_type='created', is_directory=False, is_synthetic=False)
21:47:17 | DEBUG    | fsevents                            | queue_event DirModifiedEvent(src_path='/Users/admin/Desktop/Pik2Video/src/pik2video/gui/__pycache__', dest_path='', event_type='modified', is_directory=True, is_synthetic=False)
21:47:17 | DEBUG    | src.pik2video.application.settings_model | Настройки загружены из /Users/admin/.pik2video/settings.json
21:47:17 | DEBUG    | fsevents                            | queue_event FileModifiedEvent(src_path='/Users/admin/Desktop/Pik2Video/src/pik2video/gui/__pycache__/overlays.cpython-312.pyc.4637353904', dest_path='', event_type='modified', is_directory=False, is_synthetic=False)
21:47:17 | DEBUG    | fsevents                            | Destination event for rename is NativeEvent(path="/Users/admin/Desktop/Pik2Video/src/pik2video/gui/__pycache__/overlays.cpython-312.pyc", inode=12846590, flags=10800, id=222294287)
21:47:17 | DEBUG    | fsevents                            | queue_event FileMovedEvent(src_path='/Users/admin/Desktop/Pik2Video/src/pik2video/gui/__pycache__/overlays.cpython-312.pyc.4637353904', dest_path='/Users/admin/Desktop/Pik2Video/src/pik2video/gui/__pycache__/overlays.cpython-312.pyc', event_type='moved', is_directory=False, is_synthetic=False)
21:47:17 | DEBUG    | fsevents                            | queue_event DirModifiedEvent(src_path='/Users/admin/Desktop/Pik2Video/src/pik2video/gui/__pycache__', dest_path='', event_type='modified', is_directory=True, is_synthetic=False)
21:47:17 | DEBUG    | fsevents                            | queue_event DirModifiedEvent(src_path='/Users/admin/Desktop/Pik2Video/src/pik2video/gui/__pycache__', dest_path='', event_type='modified', is_directory=True, is_synthetic=False)
21:47:17 | DEBUG    | fsevents                            | queue_event FileDeletedEvent(src_path='/Users/admin/Desktop/Pik2Video/src/pik2video/gui/__pycache__/overlays.cpython-312.pyc', dest_path='', event_type='deleted', is_directory=False, is_synthetic=False)
21:47:17 | INFO     | src.pik2video.locale.translator     | Загружен язык: ru из /Users/admin/Desktop/Pik2Video/src/pik2video/locale/ru.json
21:47:17 | DEBUG    | fsevents                            | queue_event DirModifiedEvent(src_path='/Users/admin/Desktop/Pik2Video/src/pik2video/gui/__pycache__', dest_path='', event_type='modified', is_directory=True, is_synthetic=False)
21:47:17 | INFO     | src.pik2video.application.controller | FFmpeg найден при старте
21:47:17 | DEBUG    | src.pik2video.gui.windows           | retranslate_ui вызван, язык: ru
21:47:19 | INFO     | src.pik2video.application.controller | Запрошен PREPARING_VIDEO
21:47:19 | INFO     | src.pik2video.application.controller | FFmpeg найден
21:47:19 | DEBUG    | src.pik2video.application.controller | Отправляем state_changed: AppState.PREPARING_VIDEO
21:47:19 | DEBUG    | src.pik2video.app                   | Состояние: AppState.PREPARING_VIDEO
21:47:19 | DEBUG    | src.pik2video.app                   | always_on_top=True, is_preparing=True, should=True, current=True, state=AppState.PREPARING_VIDEO
21:47:19 | DEBUG    | src.pik2video.app                   | Показываем видео сессию в MainWindow
21:47:19 | DEBUG    | src.pik2video.app                   | Overlay показан
21:47:19 | DEBUG    | src.pik2video.gui.overlays          | Область обновлена из пресета: PySide6.QtCore.QRect(0, 0, 1440, 900)
21:47:19 | DEBUG    | src.pik2video.app                   | Установлен начальный пресет: {'x1': 0, 'y1': 0, 'x2': 1440, 'y2': 900}
21:47:19 | DEBUG    | src.pik2video.app                   | Окно пресетов показано
21:47:22 | DEBUG    | src.pik2video.app                   | Получены координаты: {'x1': 221, 'x2': 920, 'y1': 147, 'y2': 555}
21:47:22 | DEBUG    | src.pik2video.application.controller | Регион установлен: {'left': 221, 'top': 147, 'width': 699, 'height': 408}
21:47:22 | DEBUG    | src.pik2video.app                   | Координаты переданы в контроллер
21:47:26 | DEBUG    | src.pik2video.app                   | Получены координаты: {'x1': 373, 'x2': 899, 'y1': 123, 'y2': 662}
21:47:26 | DEBUG    | src.pik2video.application.controller | Регион установлен: {'left': 373, 'top': 123, 'width': 526, 'height': 539}
21:47:26 | DEBUG    | src.pik2video.app                   | Координаты переданы в контроллер
21:47:29 | DEBUG    | src.pik2video.app                   | Получены координаты: {'x1': 297, 'x2': 1190, 'y1': 203, 'y2': 684}
21:47:29 | DEBUG    | src.pik2video.application.controller | Регион установлен: {'left': 297, 'top': 203, 'width': 893, 'height': 481}
21:47:29 | DEBUG    | src.pik2video.app                   | Координаты переданы в контроллер
21:47:32 | DEBUG    | src.pik2video.app                   | Получены координаты: {'x1': 207, 'x2': 1097, 'y1': 122, 'y2': 820}
21:47:32 | DEBUG    | src.pik2video.application.controller | Регион установлен: {'left': 207, 'top': 122, 'width': 890, 'height': 698}
21:47:32 | DEBUG    | src.pik2video.app                   | Координаты переданы в контроллер
21:47:35 | DEBUG    | src.pik2video.app                   | Получены координаты: {'x1': 116, 'x2': 1187, 'y1': 110, 'y2': 750}
21:47:35 | DEBUG    | src.pik2video.application.controller | Регион установлен: {'left': 116, 'top': 110, 'width': 1071, 'height': 640}
21:47:35 | DEBUG    | src.pik2video.app                   | Координаты переданы в контроллер
21:47:39 | DEBUG    | src.pik2video.app                   | Выбран пресет с координатами: {'x1': 0, 'x2': 1440, 'y1': 0, 'y2': 900}
21:47:39 | DEBUG    | src.pik2video.application.controller | Регион установлен: {'left': 0, 'top': 0, 'width': 1440, 'height': 900}
21:47:39 | DEBUG    | src.pik2video.gui.overlays          | Область обновлена из пресета: PySide6.QtCore.QRect(0, 0, 1440, 900)
21:47:39 | DEBUG    | src.pik2video.app                   | Область обновлена на overlay
21:47:43 | DEBUG    | src.pik2video.app                   | Выбран пресет с координатами: {'x1': 525, 'x2': 915, 'y1': 28, 'y2': 872}
21:47:43 | DEBUG    | src.pik2video.application.controller | Регион установлен: {'left': 525, 'top': 28, 'width': 390, 'height': 844}
21:47:43 | DEBUG    | src.pik2video.gui.overlays          | Область обновлена из пресета: PySide6.QtCore.QRect(525, 28, 390, 844)
21:47:43 | DEBUG    | src.pik2video.app                   | Область обновлена на overlay
21:47:45 | DEBUG    | src.pik2video.app                   | Получены координаты: {'x1': 108, 'x2': 1074, 'y1': 117, 'y2': 653}
21:47:45 | DEBUG    | src.pik2video.application.controller | Регион установлен: {'left': 108, 'top': 117, 'width': 966, 'height': 536}
21:47:45 | DEBUG    | src.pik2video.app                   | Координаты переданы в контроллер
21:47:47 | DEBUG    | src.pik2video.app                   | Получены координаты: {'x1': 68, 'x2': 1071, 'y1': 221, 'y2': 845}
21:47:47 | DEBUG    | src.pik2video.application.controller | Регион установлен: {'left': 68, 'top': 221, 'width': 1003, 'height': 624}
21:47:47 | DEBUG    | src.pik2video.app                   | Координаты переданы в контроллер
21:47:54 | DEBUG    | src.pik2video.app                   | Получены координаты: {'x1': 91, 'x2': 1298, 'y1': 99, 'y2': 661}
21:47:54 | DEBUG    | src.pik2video.application.controller | Регион установлен: {'left': 91, 'top': 99, 'width': 1207, 'height': 562}
21:47:54 | DEBUG    | src.pik2video.app                   | Координаты переданы в контроллер
21:47:59 | DEBUG    | src.pik2video.app                   | Получены координаты: {'x1': 90, 'x2': 1258, 'y1': 100, 'y2': 623}
21:47:59 | DEBUG    | src.pik2video.application.controller | Регион установлен: {'left': 90, 'top': 100, 'width': 1168, 'height': 523}
21:47:59 | DEBUG    | src.pik2video.app                   | Координаты переданы в контроллер
21:48:17 | DEBUG    | src.pik2video.app                   | Получены координаты: {'x1': 110, 'x2': 919, 'y1': 207, 'y2': 666}
21:48:17 | DEBUG    | src.pik2video.application.controller | Регион установлен: {'left': 110, 'top': 207, 'width': 809, 'height': 459}
21:48:17 | DEBUG    | src.pik2video.app                   | Координаты переданы в контроллер
21:48:18 | INFO     | src.pik2video.application.controller | Запрошен CANCEL_SESSION
21:48:18 | DEBUG    | src.pik2video.application.controller | Очистка runtime-данных
21:48:18 | DEBUG    | src.pik2video.application.controller | Отправляем state_changed: AppState.IDLE
21:48:18 | DEBUG    | src.pik2video.app                   | Состояние: AppState.IDLE
21:48:18 | DEBUG    | src.pik2video.app                   | always_on_top=True, is_preparing=False, should=True, current=True, state=AppState.IDLE
21:48:18 | DEBUG    | src.pik2video.gui.windows           | retranslate_ui вызван, язык: ru
21:53:34 | INFO     | src.pik2video.application.controller | Запрошен PREPARING_VIDEO
21:53:34 | INFO     | src.pik2video.application.controller | FFmpeg найден
21:53:34 | DEBUG    | src.pik2video.application.controller | Отправляем state_changed: AppState.PREPARING_VIDEO
21:53:34 | DEBUG    | src.pik2video.app                   | Состояние: AppState.PREPARING_VIDEO
21:53:34 | DEBUG    | src.pik2video.app                   | always_on_top=True, is_preparing=True, should=True, current=True, state=AppState.PREPARING_VIDEO
21:53:34 | DEBUG    | src.pik2video.app                   | Показываем видео сессию в MainWindow
21:53:34 | DEBUG    | src.pik2video.app                   | Overlay показан
21:53:34 | DEBUG    | src.pik2video.gui.overlays          | Область обновлена из пресета: PySide6.QtCore.QRect(0, 0, 1440, 900)
21:53:34 | DEBUG    | src.pik2video.app                   | Установлен начальный пресет: {'x1': 0, 'y1': 0, 'x2': 1440, 'y2': 900}
21:53:34 | DEBUG    | src.pik2video.app                   | Окно пресетов показано
21:53:38 | DEBUG    | src.pik2video.app                   | Получены координаты: {'x1': 96, 'x2': 1010, 'y1': 75, 'y2': 656}
21:53:38 | DEBUG    | src.pik2video.application.controller | Регион установлен: {'left': 96, 'top': 75, 'width': 914, 'height': 581}
21:53:38 | DEBUG    | src.pik2video.app                   | Координаты переданы в контроллер
21:53:44 | DEBUG    | src.pik2video.app                   | Получены координаты: {'x1': 85, 'x2': 1314, 'y1': 122, 'y2': 674}
21:53:44 | DEBUG    | src.pik2video.application.controller | Регион установлен: {'left': 85, 'top': 122, 'width': 1229, 'height': 552}
21:53:44 | DEBUG    | src.pik2video.app                   | Координаты переданы в контроллер
21:53:57 | DEBUG    | src.pik2video.gui.base              | SettingsDialog.__init__ - received controller type: <class 'src.pik2video.application.controller.AppController'>
21:53:57 | DEBUG    | src.pik2video.gui.base              | SettingsDialog.__init__ - after super, self.controller type: <class 'src.pik2video.application.controller.AppController'>
21:54:10 | INFO     | src.pik2video.application.controller | Запрошен CANCEL_SESSION
21:54:10 | DEBUG    | src.pik2video.application.controller | Очистка runtime-данных
21:54:10 | DEBUG    | src.pik2video.application.controller | Отправляем state_changed: AppState.IDLE
21:54:10 | DEBUG    | src.pik2video.app                   | Состояние: AppState.IDLE
21:54:10 | DEBUG    | src.pik2video.app                   | always_on_top=True, is_preparing=False, should=True, current=True, state=AppState.IDLE
21:54:10 | DEBUG    | src.pik2video.gui.windows           | retranslate_ui вызван, язык: ru
21:58:52 | DEBUG    | fsevents                            | NativeEvent(path="/Users/admin/Desktop/Pik2Video/src/pik2video/gui/overlays.py", inode=7381394, flags=10400, id=222301426): is_file, is_inode_meta_mod
21:58:52 | DEBUG    | fsevents                            | queue_event FileModifiedEvent(src_path='/Users/admin/Desktop/Pik2Video/src/pik2video/gui/overlays.py', dest_path='', event_type='modified', is_directory=False, is_synthetic=False)
21:58:52 | INFO     | Pik2Video                           | ============================================================
21:58:52 | INFO     | Pik2Video                           | Логирование настроено
21:58:52 | INFO     | Pik2Video                           | Режим DEBUG: True
21:58:52 | INFO     | Pik2Video                           | Файл логов: /Users/admin/Desktop/Pik2Video/logs/pik2video_2026-05-22.log
21:58:52 | INFO     | Pik2Video                           | ============================================================
21:58:52 | DEBUG    | fsevents                            | NativeEvent(path="/Users/admin/Desktop/Pik2Video/src/pik2video/gui/__pycache__/overlays.cpython-312.pyc.4628735792", inode=12846991, flags=19900, id=222301469): is_coalesced, is_created, is_file, is_modified, is_renamed, is_xattr_mod
21:58:52 | DEBUG    | fsevents                            | NativeEvent(path="/Users/admin/Desktop/Pik2Video/src/pik2video/gui/__pycache__/overlays.cpython-312.pyc", inode=12846991, flags=10800, id=222301470): is_file, is_renamed
21:58:52 | DEBUG    | fsevents                            | NativeEvent(path="/Users/admin/Desktop/Pik2Video/src/pik2video/gui/__pycache__/overlays.cpython-312.pyc", inode=12846590, flags=10800, id=222301471): is_file, is_renamed
21:58:52 | DEBUG    | fsevents                            | queue_event FileCreatedEvent(src_path='/Users/admin/Desktop/Pik2Video/src/pik2video/gui/__pycache__/overlays.cpython-312.pyc.4628735792', dest_path='', event_type='created', is_directory=False, is_synthetic=False)
21:58:52 | DEBUG    | fsevents                            | queue_event DirModifiedEvent(src_path='/Users/admin/Desktop/Pik2Video/src/pik2video/gui/__pycache__', dest_path='', event_type='modified', is_directory=True, is_synthetic=False)
21:58:52 | DEBUG    | src.pik2video.application.settings_model | Настройки загружены из /Users/admin/.pik2video/settings.json
21:58:52 | DEBUG    | fsevents                            | queue_event FileModifiedEvent(src_path='/Users/admin/Desktop/Pik2Video/src/pik2video/gui/__pycache__/overlays.cpython-312.pyc.4628735792', dest_path='', event_type='modified', is_directory=False, is_synthetic=False)
21:58:52 | DEBUG    | fsevents                            | Destination event for rename is NativeEvent(path="/Users/admin/Desktop/Pik2Video/src/pik2video/gui/__pycache__/overlays.cpython-312.pyc", inode=12846991, flags=10800, id=222301470)
21:58:52 | DEBUG    | fsevents                            | queue_event FileMovedEvent(src_path='/Users/admin/Desktop/Pik2Video/src/pik2video/gui/__pycache__/overlays.cpython-312.pyc.4628735792', dest_path='/Users/admin/Desktop/Pik2Video/src/pik2video/gui/__pycache__/overlays.cpython-312.pyc', event_type='moved', is_directory=False, is_synthetic=False)
21:58:52 | DEBUG    | fsevents                            | queue_event DirModifiedEvent(src_path='/Users/admin/Desktop/Pik2Video/src/pik2video/gui/__pycache__', dest_path='', event_type='modified', is_directory=True, is_synthetic=False)
21:58:52 | DEBUG    | fsevents                            | queue_event DirModifiedEvent(src_path='/Users/admin/Desktop/Pik2Video/src/pik2video/gui/__pycache__', dest_path='', event_type='modified', is_directory=True, is_synthetic=False)
21:58:52 | DEBUG    | fsevents                            | queue_event FileDeletedEvent(src_path='/Users/admin/Desktop/Pik2Video/src/pik2video/gui/__pycache__/overlays.cpython-312.pyc', dest_path='', event_type='deleted', is_directory=False, is_synthetic=False)
21:58:52 | INFO     | src.pik2video.locale.translator     | Загружен язык: ru из /Users/admin/Desktop/Pik2Video/src/pik2video/locale/ru.json
21:58:52 | DEBUG    | fsevents                            | queue_event DirModifiedEvent(src_path='/Users/admin/Desktop/Pik2Video/src/pik2video/gui/__pycache__', dest_path='', event_type='modified', is_directory=True, is_synthetic=False)
21:58:52 | INFO     | src.pik2video.application.controller | FFmpeg найден при старте
21:58:52 | DEBUG    | src.pik2video.gui.windows           | retranslate_ui вызван, язык: ru
21:58:54 | INFO     | src.pik2video.application.controller | Запрошен PREPARING_VIDEO
21:58:54 | INFO     | src.pik2video.application.controller | FFmpeg найден
21:58:54 | DEBUG    | src.pik2video.application.controller | Отправляем state_changed: AppState.PREPARING_VIDEO
21:58:54 | DEBUG    | src.pik2video.app                   | Состояние: AppState.PREPARING_VIDEO
21:58:54 | DEBUG    | src.pik2video.app                   | always_on_top=True, is_preparing=True, should=True, current=True, state=AppState.PREPARING_VIDEO
21:58:54 | DEBUG    | src.pik2video.app                   | Показываем видео сессию в MainWindow
21:58:54 | DEBUG    | src.pik2video.app                   | Overlay показан
21:58:54 | DEBUG    | src.pik2video.gui.overlays          | Область обновлена из пресета: PySide6.QtCore.QRect(0, 0, 1440, 900)
21:58:54 | DEBUG    | src.pik2video.app                   | Установлен начальный пресет: {'x1': 0, 'y1': 0, 'x2': 1440, 'y2': 900}
21:58:54 | DEBUG    | src.pik2video.app                   | Окно пресетов показано
21:58:58 | DEBUG    | src.pik2video.app                   | Получены координаты: {'x1': 55, 'x2': 1011, 'y1': 78, 'y2': 646}
21:58:58 | DEBUG    | src.pik2video.application.controller | Регион установлен: {'left': 55, 'top': 78, 'width': 956, 'height': 568}
21:58:58 | DEBUG    | src.pik2video.app                   | Координаты переданы в контроллер
21:59:06 | DEBUG    | src.pik2video.app                   | Получены координаты: {'x1': 54, 'x2': 1205, 'y1': 78, 'y2': 667}
21:59:06 | DEBUG    | src.pik2video.application.controller | Регион установлен: {'left': 54, 'top': 78, 'width': 1151, 'height': 589}
21:59:06 | DEBUG    | src.pik2video.app                   | Координаты переданы в контроллер
21:59:15 | DEBUG    | src.pik2video.app                   | Получены координаты: {'x1': 53, 'x2': 1285, 'y1': 83, 'y2': 658}
21:59:15 | DEBUG    | src.pik2video.application.controller | Регион установлен: {'left': 53, 'top': 83, 'width': 1232, 'height': 575}
21:59:15 | DEBUG    | src.pik2video.app                   | Координаты переданы в контроллер
21:59:27 | DEBUG    | src.pik2video.app                   | Получены координаты: {'x1': 51, 'x2': 1319, 'y1': 69, 'y2': 665}
21:59:27 | DEBUG    | src.pik2video.application.controller | Регион установлен: {'left': 51, 'top': 69, 'width': 1268, 'height': 596}
21:59:27 | DEBUG    | src.pik2video.app                   | Координаты переданы в контроллер
21:59:41 | DEBUG    | src.pik2video.app                   | Получены координаты: {'x1': 50, 'x2': 1318, 'y1': 73, 'y2': 657}
21:59:41 | DEBUG    | src.pik2video.application.controller | Регион установлен: {'left': 50, 'top': 73, 'width': 1268, 'height': 584}
21:59:41 | DEBUG    | src.pik2video.app                   | Координаты переданы в контроллер
21:59:43 | DEBUG    | src.pik2video.application.settings_model | Настройки сохранены в /Users/admin/.pik2video/settings.json
21:59:43 | INFO     | src.pik2video.application.controller | Настройки сохранены
21:59:48 | DEBUG    | src.pik2video.application.settings_model | Настройки сохранены в /Users/admin/.pik2video/settings.json
21:59:48 | INFO     | src.pik2video.application.controller | Настройки сохранены
22:00:01 | DEBUG    | src.pik2video.app                   | Получены координаты: {'x1': 59, 'x2': 1316, 'y1': 73, 'y2': 650}
22:00:01 | DEBUG    | src.pik2video.application.controller | Регион установлен: {'left': 59, 'top': 73, 'width': 1257, 'height': 577}
22:00:01 | DEBUG    | src.pik2video.app                   | Координаты переданы в контроллер
22:00:03 | INFO     | src.pik2video.application.controller | Запрошен CANCEL_SESSION
22:00:03 | DEBUG    | src.pik2video.application.controller | Очистка runtime-данных
22:00:03 | DEBUG    | src.pik2video.application.controller | Отправляем state_changed: AppState.IDLE
22:00:03 | DEBUG    | src.pik2video.app                   | Состояние: AppState.IDLE
22:00:03 | DEBUG    | src.pik2video.app                   | always_on_top=True, is_preparing=False, should=True, current=True, state=AppState.IDLE
22:00:03 | DEBUG    | src.pik2video.gui.windows           | retranslate_ui вызван, язык: ru
22:00:28 | INFO     | src.pik2video.application.controller | Запрошен PREPARING_VIDEO
22:00:28 | INFO     | src.pik2video.application.controller | FFmpeg найден
22:00:28 | DEBUG    | src.pik2video.application.controller | Отправляем state_changed: AppState.PREPARING_VIDEO
22:00:28 | DEBUG    | src.pik2video.app                   | Состояние: AppState.PREPARING_VIDEO
22:00:28 | DEBUG    | src.pik2video.app                   | always_on_top=True, is_preparing=True, should=True, current=True, state=AppState.PREPARING_VIDEO
22:00:28 | DEBUG    | src.pik2video.app                   | Показываем видео сессию в MainWindow
22:00:28 | DEBUG    | src.pik2video.app                   | Overlay показан
22:00:28 | DEBUG    | src.pik2video.gui.overlays          | Область обновлена из пресета: PySide6.QtCore.QRect(0, 0, 1440, 900)
22:00:28 | DEBUG    | src.pik2video.app                   | Установлен начальный пресет: {'x1': 0, 'y1': 0, 'x2': 1440, 'y2': 900}
22:00:28 | DEBUG    | src.pik2video.app                   | Окно пресетов показано
22:00:36 | DEBUG    | src.pik2video.app                   | Получены координаты: {'x1': 56, 'x2': 1298, 'y1': 63, 'y2': 652}
22:00:36 | DEBUG    | src.pik2video.application.controller | Регион установлен: {'left': 56, 'top': 63, 'width': 1242, 'height': 589}
22:00:36 | DEBUG    | src.pik2video.app                   | Координаты переданы в контроллер
22:00:40 | DEBUG    | src.pik2video.app                   | Получены координаты: {'x1': 57, 'x2': 1291, 'y1': 66, 'y2': 658}
22:00:40 | DEBUG    | src.pik2video.application.controller | Регион установлен: {'left': 57, 'top': 66, 'width': 1234, 'height': 592}
22:00:40 | DEBUG    | src.pik2video.app                   | Координаты переданы в контроллер
22:00:41 | INFO     | src.pik2video.application.controller | Запрошен CANCEL_SESSION
22:00:41 | DEBUG    | src.pik2video.application.controller | Очистка runtime-данных
22:00:41 | DEBUG    | src.pik2video.application.controller | Отправляем state_changed: AppState.IDLE
22:00:41 | DEBUG    | src.pik2video.app                   | Состояние: AppState.IDLE
22:00:41 | DEBUG    | src.pik2video.app                   | always_on_top=True, is_preparing=False, should=True, current=True, state=AppState.IDLE
22:00:41 | DEBUG    | src.pik2video.gui.windows           | retranslate_ui вызван, язык: ru
22:00:43 | INFO     | src.pik2video.application.controller | Запрошен PREPARING_VIDEO
22:00:43 | INFO     | src.pik2video.application.controller | FFmpeg найден
22:00:43 | DEBUG    | src.pik2video.application.controller | Отправляем state_changed: AppState.PREPARING_VIDEO
22:00:43 | DEBUG    | src.pik2video.app                   | Состояние: AppState.PREPARING_VIDEO
22:00:44 | DEBUG    | src.pik2video.app                   | always_on_top=True, is_preparing=True, should=True, current=True, state=AppState.PREPARING_VIDEO
22:00:44 | DEBUG    | src.pik2video.app                   | Показываем видео сессию в MainWindow
22:00:44 | DEBUG    | src.pik2video.app                   | Overlay показан
22:00:44 | DEBUG    | src.pik2video.gui.overlays          | Область обновлена из пресета: PySide6.QtCore.QRect(0, 0, 1440, 900)
22:00:44 | DEBUG    | src.pik2video.app                   | Установлен начальный пресет: {'x1': 0, 'y1': 0, 'x2': 1440, 'y2': 900}
22:00:44 | DEBUG    | src.pik2video.app                   | Окно пресетов показано
22:00:49 | INFO     | src.pik2video.application.controller | Запрошен CANCEL_SESSION
22:00:49 | DEBUG    | src.pik2video.application.controller | Очистка runtime-данных
22:00:49 | DEBUG    | src.pik2video.application.controller | Отправляем state_changed: AppState.IDLE
22:00:49 | DEBUG    | src.pik2video.app                   | Состояние: AppState.IDLE
22:00:49 | DEBUG    | src.pik2video.app                   | always_on_top=True, is_preparing=False, should=True, current=True, state=AppState.IDLE
22:00:49 | DEBUG    | src.pik2video.gui.windows           | retranslate_ui вызван, язык: ru
22:01:18 | DEBUG    | fsevents                            | NativeEvent(path="/Users/admin/Desktop/Pik2Video/src/pik2video/gui/overlays.py", inode=7381394, flags=11400, id=222302872): is_file, is_inode_meta_mod, is_modified
22:01:18 | DEBUG    | fsevents                            | queue_event FileModifiedEvent(src_path='/Users/admin/Desktop/Pik2Video/src/pik2video/gui/overlays.py', dest_path='', event_type='modified', is_directory=False, is_synthetic=False)
22:01:18 | INFO     | Pik2Video                           | ============================================================
22:01:18 | INFO     | Pik2Video                           | Логирование настроено
22:01:18 | INFO     | Pik2Video                           | Режим DEBUG: True
22:01:18 | INFO     | Pik2Video                           | Файл логов: /Users/admin/Desktop/Pik2Video/logs/pik2video_2026-05-22.log
22:01:18 | INFO     | Pik2Video                           | ============================================================
22:01:18 | DEBUG    | fsevents                            | NativeEvent(path="/Users/admin/Desktop/Pik2Video/src/pik2video/gui/__pycache__/overlays.cpython-312.pyc.4633061168", inode=12847063, flags=19900, id=222302911): is_coalesced, is_created, is_file, is_modified, is_renamed, is_xattr_mod
22:01:18 | DEBUG    | fsevents                            | NativeEvent(path="/Users/admin/Desktop/Pik2Video/src/pik2video/gui/__pycache__/overlays.cpython-312.pyc", inode=12847063, flags=10800, id=222302912): is_file, is_renamed
22:01:18 | DEBUG    | fsevents                            | NativeEvent(path="/Users/admin/Desktop/Pik2Video/src/pik2video/gui/__pycache__/overlays.cpython-312.pyc", inode=12846991, flags=10800, id=222302913): is_file, is_renamed
22:01:18 | DEBUG    | fsevents                            | queue_event FileCreatedEvent(src_path='/Users/admin/Desktop/Pik2Video/src/pik2video/gui/__pycache__/overlays.cpython-312.pyc.4633061168', dest_path='', event_type='created', is_directory=False, is_synthetic=False)
22:01:18 | DEBUG    | fsevents                            | queue_event DirModifiedEvent(src_path='/Users/admin/Desktop/Pik2Video/src/pik2video/gui/__pycache__', dest_path='', event_type='modified', is_directory=True, is_synthetic=False)
22:01:18 | DEBUG    | src.pik2video.application.settings_model | Настройки загружены из /Users/admin/.pik2video/settings.json
22:01:18 | DEBUG    | fsevents                            | queue_event FileModifiedEvent(src_path='/Users/admin/Desktop/Pik2Video/src/pik2video/gui/__pycache__/overlays.cpython-312.pyc.4633061168', dest_path='', event_type='modified', is_directory=False, is_synthetic=False)
22:01:18 | DEBUG    | fsevents                            | Destination event for rename is NativeEvent(path="/Users/admin/Desktop/Pik2Video/src/pik2video/gui/__pycache__/overlays.cpython-312.pyc", inode=12847063, flags=10800, id=222302912)
22:01:18 | DEBUG    | fsevents                            | queue_event FileMovedEvent(src_path='/Users/admin/Desktop/Pik2Video/src/pik2video/gui/__pycache__/overlays.cpython-312.pyc.4633061168', dest_path='/Users/admin/Desktop/Pik2Video/src/pik2video/gui/__pycache__/overlays.cpython-312.pyc', event_type='moved', is_directory=False, is_synthetic=False)
22:01:18 | DEBUG    | fsevents                            | queue_event DirModifiedEvent(src_path='/Users/admin/Desktop/Pik2Video/src/pik2video/gui/__pycache__', dest_path='', event_type='modified', is_directory=True, is_synthetic=False)
22:01:18 | DEBUG    | fsevents                            | queue_event DirModifiedEvent(src_path='/Users/admin/Desktop/Pik2Video/src/pik2video/gui/__pycache__', dest_path='', event_type='modified', is_directory=True, is_synthetic=False)
22:01:18 | DEBUG    | fsevents                            | queue_event FileDeletedEvent(src_path='/Users/admin/Desktop/Pik2Video/src/pik2video/gui/__pycache__/overlays.cpython-312.pyc', dest_path='', event_type='deleted', is_directory=False, is_synthetic=False)
22:01:18 | INFO     | src.pik2video.locale.translator     | Загружен язык: ru из /Users/admin/Desktop/Pik2Video/src/pik2video/locale/ru.json
22:01:18 | DEBUG    | fsevents                            | queue_event DirModifiedEvent(src_path='/Users/admin/Desktop/Pik2Video/src/pik2video/gui/__pycache__', dest_path='', event_type='modified', is_directory=True, is_synthetic=False)
22:01:18 | INFO     | src.pik2video.application.controller | FFmpeg найден при старте
22:01:18 | DEBUG    | src.pik2video.gui.windows           | retranslate_ui вызван, язык: ru
22:01:20 | INFO     | src.pik2video.application.controller | Запрошен PREPARING_VIDEO
22:01:20 | INFO     | src.pik2video.application.controller | FFmpeg найден
22:01:20 | DEBUG    | src.pik2video.application.controller | Отправляем state_changed: AppState.PREPARING_VIDEO
22:01:20 | DEBUG    | src.pik2video.app                   | Состояние: AppState.PREPARING_VIDEO
22:01:20 | DEBUG    | src.pik2video.app                   | always_on_top=True, is_preparing=True, should=True, current=True, state=AppState.PREPARING_VIDEO
22:01:20 | DEBUG    | src.pik2video.app                   | Показываем видео сессию в MainWindow
22:01:20 | DEBUG    | src.pik2video.app                   | Overlay показан
22:01:20 | DEBUG    | src.pik2video.gui.overlays          | Область обновлена из пресета: PySide6.QtCore.QRect(0, 0, 1440, 900)
22:01:20 | DEBUG    | src.pik2video.app                   | Установлен начальный пресет: {'x1': 0, 'y1': 0, 'x2': 1440, 'y2': 900}
22:01:20 | DEBUG    | src.pik2video.app                   | Окно пресетов показано
22:01:27 | INFO     | src.pik2video.application.controller | Запрошен CANCEL_SESSION
22:01:27 | DEBUG    | src.pik2video.application.controller | Очистка runtime-данных
22:01:27 | DEBUG    | src.pik2video.application.controller | Отправляем state_changed: AppState.IDLE
22:01:27 | DEBUG    | src.pik2video.app                   | Состояние: AppState.IDLE
22:01:27 | DEBUG    | src.pik2video.app                   | always_on_top=True, is_preparing=False, should=True, current=True, state=AppState.IDLE
22:01:27 | DEBUG    | src.pik2video.gui.windows           | retranslate_ui вызван, язык: ru
22:01:30 | INFO     | src.pik2video.application.controller | Запрошен PREPARING_VIDEO
22:01:30 | INFO     | src.pik2video.application.controller | FFmpeg найден
22:01:30 | DEBUG    | src.pik2video.application.controller | Отправляем state_changed: AppState.PREPARING_VIDEO
22:01:30 | DEBUG    | src.pik2video.app                   | Состояние: AppState.PREPARING_VIDEO
22:01:30 | DEBUG    | src.pik2video.app                   | always_on_top=True, is_preparing=True, should=True, current=True, state=AppState.PREPARING_VIDEO
22:01:30 | DEBUG    | src.pik2video.app                   | Показываем видео сессию в MainWindow
22:01:30 | DEBUG    | src.pik2video.app                   | Overlay показан
22:01:30 | DEBUG    | src.pik2video.gui.overlays          | Область обновлена из пресета: PySide6.QtCore.QRect(0, 0, 1440, 900)
22:01:30 | DEBUG    | src.pik2video.app                   | Установлен начальный пресет: {'x1': 0, 'y1': 0, 'x2': 1440, 'y2': 900}
22:01:30 | DEBUG    | src.pik2video.app                   | Окно пресетов показано
22:01:32 | INFO     | src.pik2video.application.controller | Запрошен CANCEL_SESSION
22:01:32 | DEBUG    | src.pik2video.application.controller | Очистка runtime-данных
22:01:32 | DEBUG    | src.pik2video.application.controller | Отправляем state_changed: AppState.IDLE
22:01:32 | DEBUG    | src.pik2video.app                   | Состояние: AppState.IDLE
22:01:32 | DEBUG    | src.pik2video.app                   | always_on_top=True, is_preparing=False, should=True, current=True, state=AppState.IDLE
22:01:32 | DEBUG    | src.pik2video.gui.windows           | retranslate_ui вызван, язык: ru
22:10:09 | DEBUG    | fsevents                            | NativeEvent(path="/Users/admin/Desktop/Pik2Video/src/pik2video/gui/overlays.py", inode=7381394, flags=11400, id=222310541): is_file, is_inode_meta_mod, is_modified
22:10:09 | DEBUG    | fsevents                            | queue_event FileModifiedEvent(src_path='/Users/admin/Desktop/Pik2Video/src/pik2video/gui/overlays.py', dest_path='', event_type='modified', is_directory=False, is_synthetic=False)
22:10:09 | INFO     | Pik2Video                           | ============================================================
22:10:09 | INFO     | Pik2Video                           | Логирование настроено
22:10:09 | INFO     | Pik2Video                           | Режим DEBUG: True
22:10:09 | INFO     | Pik2Video                           | Файл логов: /Users/admin/Desktop/Pik2Video/logs/pik2video_2026-05-22.log
22:10:09 | INFO     | Pik2Video                           | ============================================================
22:10:10 | DEBUG    | fsevents                            | NativeEvent(path="/Users/admin/Desktop/Pik2Video/src/pik2video/gui/__pycache__/overlays.cpython-312.pyc.4669794096", inode=12847496, flags=19900, id=222310581): is_coalesced, is_created, is_file, is_modified, is_renamed, is_xattr_mod
22:10:10 | DEBUG    | fsevents                            | NativeEvent(path="/Users/admin/Desktop/Pik2Video/src/pik2video/gui/__pycache__/overlays.cpython-312.pyc", inode=12847496, flags=10800, id=222310582): is_file, is_renamed
22:10:10 | DEBUG    | fsevents                            | NativeEvent(path="/Users/admin/Desktop/Pik2Video/src/pik2video/gui/__pycache__/overlays.cpython-312.pyc", inode=12847063, flags=10800, id=222310583): is_file, is_renamed
22:10:10 | DEBUG    | fsevents                            | queue_event FileCreatedEvent(src_path='/Users/admin/Desktop/Pik2Video/src/pik2video/gui/__pycache__/overlays.cpython-312.pyc.4669794096', dest_path='', event_type='created', is_directory=False, is_synthetic=False)
22:10:10 | DEBUG    | fsevents                            | queue_event DirModifiedEvent(src_path='/Users/admin/Desktop/Pik2Video/src/pik2video/gui/__pycache__', dest_path='', event_type='modified', is_directory=True, is_synthetic=False)
22:10:10 | DEBUG    | fsevents                            | queue_event FileModifiedEvent(src_path='/Users/admin/Desktop/Pik2Video/src/pik2video/gui/__pycache__/overlays.cpython-312.pyc.4669794096', dest_path='', event_type='modified', is_directory=False, is_synthetic=False)
22:10:10 | DEBUG    | fsevents                            | Destination event for rename is NativeEvent(path="/Users/admin/Desktop/Pik2Video/src/pik2video/gui/__pycache__/overlays.cpython-312.pyc", inode=12847496, flags=10800, id=222310582)
22:10:10 | DEBUG    | src.pik2video.application.settings_model | Настройки загружены из /Users/admin/.pik2video/settings.json
22:10:10 | DEBUG    | fsevents                            | queue_event FileMovedEvent(src_path='/Users/admin/Desktop/Pik2Video/src/pik2video/gui/__pycache__/overlays.cpython-312.pyc.4669794096', dest_path='/Users/admin/Desktop/Pik2Video/src/pik2video/gui/__pycache__/overlays.cpython-312.pyc', event_type='moved', is_directory=False, is_synthetic=False)
22:10:10 | DEBUG    | fsevents                            | queue_event DirModifiedEvent(src_path='/Users/admin/Desktop/Pik2Video/src/pik2video/gui/__pycache__', dest_path='', event_type='modified', is_directory=True, is_synthetic=False)
22:10:10 | DEBUG    | fsevents                            | queue_event DirModifiedEvent(src_path='/Users/admin/Desktop/Pik2Video/src/pik2video/gui/__pycache__', dest_path='', event_type='modified', is_directory=True, is_synthetic=False)
22:10:10 | DEBUG    | fsevents                            | queue_event FileDeletedEvent(src_path='/Users/admin/Desktop/Pik2Video/src/pik2video/gui/__pycache__/overlays.cpython-312.pyc', dest_path='', event_type='deleted', is_directory=False, is_synthetic=False)
22:10:10 | DEBUG    | fsevents                            | queue_event DirModifiedEvent(src_path='/Users/admin/Desktop/Pik2Video/src/pik2video/gui/__pycache__', dest_path='', event_type='modified', is_directory=True, is_synthetic=False)
22:10:10 | INFO     | src.pik2video.locale.translator     | Загружен язык: ru из /Users/admin/Desktop/Pik2Video/src/pik2video/locale/ru.json
22:10:10 | INFO     | src.pik2video.application.controller | FFmpeg найден при старте
22:10:10 | DEBUG    | src.pik2video.gui.windows           | retranslate_ui вызван, язык: ru
22:10:11 | INFO     | src.pik2video.application.controller | Запрошен PREPARING_VIDEO
22:10:11 | INFO     | src.pik2video.application.controller | FFmpeg найден
22:10:11 | DEBUG    | src.pik2video.application.controller | Отправляем state_changed: AppState.PREPARING_VIDEO
22:10:11 | DEBUG    | src.pik2video.app                   | Состояние: AppState.PREPARING_VIDEO
22:10:11 | DEBUG    | src.pik2video.app                   | always_on_top=True, is_preparing=True, should=True, current=True, state=AppState.PREPARING_VIDEO
22:10:11 | DEBUG    | src.pik2video.app                   | Показываем видео сессию в MainWindow
22:10:11 | DEBUG    | src.pik2video.app                   | Overlay показан
22:10:11 | DEBUG    | src.pik2video.gui.overlays          | Область обновлена из пресета: PySide6.QtCore.QRect(0, 0, 1440, 900)
22:10:11 | DEBUG    | src.pik2video.app                   | Установлен начальный пресет: {'x1': 0, 'y1': 0, 'x2': 1440, 'y2': 900}
22:10:11 | DEBUG    | src.pik2video.app                   | Окно пресетов показано
22:10:21 | INFO     | src.pik2video.application.controller | Запрошен CANCEL_SESSION
22:10:21 | DEBUG    | src.pik2video.application.controller | Очистка runtime-данных
22:10:21 | DEBUG    | src.pik2video.application.controller | Отправляем state_changed: AppState.IDLE
22:10:21 | DEBUG    | src.pik2video.app                   | Состояние: AppState.IDLE
22:10:21 | DEBUG    | src.pik2video.app                   | always_on_top=True, is_preparing=False, should=True, current=True, state=AppState.IDLE
22:10:21 | DEBUG    | src.pik2video.gui.windows           | retranslate_ui вызван, язык: ru
22:15:46 | DEBUG    | fsevents                            | NativeEvent(path="/Users/admin/Desktop/Pik2Video/src/pik2video/gui/overlays.py", inode=7381394, flags=11400, id=222317078): is_file, is_inode_meta_mod, is_modified
22:15:46 | DEBUG    | fsevents                            | queue_event FileModifiedEvent(src_path='/Users/admin/Desktop/Pik2Video/src/pik2video/gui/overlays.py', dest_path='', event_type='modified', is_directory=False, is_synthetic=False)
22:15:47 | INFO     | Pik2Video                           | ============================================================
22:15:47 | INFO     | Pik2Video                           | Логирование настроено
22:15:47 | INFO     | Pik2Video                           | Режим DEBUG: True
22:15:47 | INFO     | Pik2Video                           | Файл логов: /Users/admin/Desktop/Pik2Video/logs/pik2video_2026-05-22.log
22:15:47 | INFO     | Pik2Video                           | ============================================================
22:15:47 | DEBUG    | fsevents                            | NativeEvent(path="/Users/admin/Desktop/Pik2Video/src/pik2video/gui/__pycache__/overlays.cpython-312.pyc.4700170032", inode=12847908, flags=19900, id=222317118): is_coalesced, is_created, is_file, is_modified, is_renamed, is_xattr_mod
22:15:47 | DEBUG    | fsevents                            | NativeEvent(path="/Users/admin/Desktop/Pik2Video/src/pik2video/gui/__pycache__/overlays.cpython-312.pyc", inode=12847908, flags=10800, id=222317119): is_file, is_renamed
22:15:47 | DEBUG    | fsevents                            | NativeEvent(path="/Users/admin/Desktop/Pik2Video/src/pik2video/gui/__pycache__/overlays.cpython-312.pyc", inode=12847496, flags=10800, id=222317120): is_file, is_renamed
22:15:47 | DEBUG    | fsevents                            | queue_event FileCreatedEvent(src_path='/Users/admin/Desktop/Pik2Video/src/pik2video/gui/__pycache__/overlays.cpython-312.pyc.4700170032', dest_path='', event_type='created', is_directory=False, is_synthetic=False)
22:15:47 | DEBUG    | fsevents                            | queue_event DirModifiedEvent(src_path='/Users/admin/Desktop/Pik2Video/src/pik2video/gui/__pycache__', dest_path='', event_type='modified', is_directory=True, is_synthetic=False)
22:15:47 | DEBUG    | fsevents                            | queue_event FileModifiedEvent(src_path='/Users/admin/Desktop/Pik2Video/src/pik2video/gui/__pycache__/overlays.cpython-312.pyc.4700170032', dest_path='', event_type='modified', is_directory=False, is_synthetic=False)
22:15:47 | DEBUG    | src.pik2video.application.settings_model | Настройки загружены из /Users/admin/.pik2video/settings.json
22:15:47 | DEBUG    | fsevents                            | Destination event for rename is NativeEvent(path="/Users/admin/Desktop/Pik2Video/src/pik2video/gui/__pycache__/overlays.cpython-312.pyc", inode=12847908, flags=10800, id=222317119)
22:15:47 | DEBUG    | fsevents                            | queue_event FileMovedEvent(src_path='/Users/admin/Desktop/Pik2Video/src/pik2video/gui/__pycache__/overlays.cpython-312.pyc.4700170032', dest_path='/Users/admin/Desktop/Pik2Video/src/pik2video/gui/__pycache__/overlays.cpython-312.pyc', event_type='moved', is_directory=False, is_synthetic=False)
22:15:47 | DEBUG    | fsevents                            | queue_event DirModifiedEvent(src_path='/Users/admin/Desktop/Pik2Video/src/pik2video/gui/__pycache__', dest_path='', event_type='modified', is_directory=True, is_synthetic=False)
22:15:47 | INFO     | src.pik2video.locale.translator     | Загружен язык: ru из /Users/admin/Desktop/Pik2Video/src/pik2video/locale/ru.json
22:15:47 | DEBUG    | fsevents                            | queue_event DirModifiedEvent(src_path='/Users/admin/Desktop/Pik2Video/src/pik2video/gui/__pycache__', dest_path='', event_type='modified', is_directory=True, is_synthetic=False)
22:15:47 | DEBUG    | fsevents                            | queue_event FileDeletedEvent(src_path='/Users/admin/Desktop/Pik2Video/src/pik2video/gui/__pycache__/overlays.cpython-312.pyc', dest_path='', event_type='deleted', is_directory=False, is_synthetic=False)
22:15:47 | DEBUG    | fsevents                            | queue_event DirModifiedEvent(src_path='/Users/admin/Desktop/Pik2Video/src/pik2video/gui/__pycache__', dest_path='', event_type='modified', is_directory=True, is_synthetic=False)
22:15:47 | INFO     | src.pik2video.application.controller | FFmpeg найден при старте
22:15:47 | DEBUG    | src.pik2video.gui.windows           | retranslate_ui вызван, язык: ru
22:15:48 | INFO     | src.pik2video.application.controller | Запрошен PREPARING_VIDEO
22:15:48 | INFO     | src.pik2video.application.controller | FFmpeg найден
22:15:48 | DEBUG    | src.pik2video.application.controller | Отправляем state_changed: AppState.PREPARING_VIDEO
22:15:48 | DEBUG    | src.pik2video.app                   | Состояние: AppState.PREPARING_VIDEO
22:15:48 | DEBUG    | src.pik2video.app                   | always_on_top=True, is_preparing=True, should=True, current=True, state=AppState.PREPARING_VIDEO
22:15:48 | DEBUG    | src.pik2video.app                   | Показываем видео сессию в MainWindow
22:16:00 | INFO     | src.pik2video.application.controller | Запрошен CANCEL_SESSION
22:16:00 | DEBUG    | src.pik2video.application.controller | Очистка runtime-данных
22:16:00 | DEBUG    | src.pik2video.application.controller | Отправляем state_changed: AppState.IDLE
22:16:00 | DEBUG    | src.pik2video.app                   | Состояние: AppState.IDLE
22:16:00 | DEBUG    | src.pik2video.app                   | always_on_top=True, is_preparing=False, should=True, current=True, state=AppState.IDLE
22:16:00 | DEBUG    | src.pik2video.gui.windows           | retranslate_ui вызван, язык: ru
22:16:17 | DEBUG    | fsevents                            | NativeEvent(path="/Users/admin/Desktop/Pik2Video/src/pik2video/gui/overlays.py", inode=7381394, flags=11400, id=222318780): is_file, is_inode_meta_mod, is_modified
22:16:17 | DEBUG    | fsevents                            | queue_event FileModifiedEvent(src_path='/Users/admin/Desktop/Pik2Video/src/pik2video/gui/overlays.py', dest_path='', event_type='modified', is_directory=False, is_synthetic=False)
22:16:17 | INFO     | Pik2Video                           | ============================================================
22:16:17 | INFO     | Pik2Video                           | Логирование настроено
22:16:17 | INFO     | Pik2Video                           | Режим DEBUG: True
22:16:17 | INFO     | Pik2Video                           | Файл логов: /Users/admin/Desktop/Pik2Video/logs/pik2video_2026-05-22.log
22:16:17 | INFO     | Pik2Video                           | ============================================================
22:16:17 | DEBUG    | fsevents                            | NativeEvent(path="/Users/admin/Desktop/Pik2Video/src/pik2video/gui/__pycache__/overlays.cpython-312.pyc.4692518704", inode=12848022, flags=19900, id=222318813): is_coalesced, is_created, is_file, is_modified, is_renamed, is_xattr_mod
22:16:17 | DEBUG    | fsevents                            | NativeEvent(path="/Users/admin/Desktop/Pik2Video/src/pik2video/gui/__pycache__/overlays.cpython-312.pyc", inode=12848022, flags=10800, id=222318814): is_file, is_renamed
22:16:17 | DEBUG    | fsevents                            | NativeEvent(path="/Users/admin/Desktop/Pik2Video/src/pik2video/gui/__pycache__/overlays.cpython-312.pyc", inode=12847908, flags=10800, id=222318815): is_file, is_renamed
22:16:17 | DEBUG    | fsevents                            | queue_event FileCreatedEvent(src_path='/Users/admin/Desktop/Pik2Video/src/pik2video/gui/__pycache__/overlays.cpython-312.pyc.4692518704', dest_path='', event_type='created', is_directory=False, is_synthetic=False)
22:16:17 | DEBUG    | fsevents                            | queue_event DirModifiedEvent(src_path='/Users/admin/Desktop/Pik2Video/src/pik2video/gui/__pycache__', dest_path='', event_type='modified', is_directory=True, is_synthetic=False)
22:16:17 | DEBUG    | src.pik2video.application.settings_model | Настройки загружены из /Users/admin/.pik2video/settings.json
22:16:17 | DEBUG    | fsevents                            | queue_event FileModifiedEvent(src_path='/Users/admin/Desktop/Pik2Video/src/pik2video/gui/__pycache__/overlays.cpython-312.pyc.4692518704', dest_path='', event_type='modified', is_directory=False, is_synthetic=False)
22:16:17 | DEBUG    | fsevents                            | Destination event for rename is NativeEvent(path="/Users/admin/Desktop/Pik2Video/src/pik2video/gui/__pycache__/overlays.cpython-312.pyc", inode=12848022, flags=10800, id=222318814)
22:16:17 | DEBUG    | fsevents                            | queue_event FileMovedEvent(src_path='/Users/admin/Desktop/Pik2Video/src/pik2video/gui/__pycache__/overlays.cpython-312.pyc.4692518704', dest_path='/Users/admin/Desktop/Pik2Video/src/pik2video/gui/__pycache__/overlays.cpython-312.pyc', event_type='moved', is_directory=False, is_synthetic=False)
22:16:17 | DEBUG    | fsevents                            | queue_event DirModifiedEvent(src_path='/Users/admin/Desktop/Pik2Video/src/pik2video/gui/__pycache__', dest_path='', event_type='modified', is_directory=True, is_synthetic=False)
22:16:17 | DEBUG    | fsevents                            | queue_event DirModifiedEvent(src_path='/Users/admin/Desktop/Pik2Video/src/pik2video/gui/__pycache__', dest_path='', event_type='modified', is_directory=True, is_synthetic=False)
22:16:17 | DEBUG    | fsevents                            | queue_event FileDeletedEvent(src_path='/Users/admin/Desktop/Pik2Video/src/pik2video/gui/__pycache__/overlays.cpython-312.pyc', dest_path='', event_type='deleted', is_directory=False, is_synthetic=False)
22:16:17 | INFO     | src.pik2video.locale.translator     | Загружен язык: ru из /Users/admin/Desktop/Pik2Video/src/pik2video/locale/ru.json
22:16:17 | DEBUG    | fsevents                            | queue_event DirModifiedEvent(src_path='/Users/admin/Desktop/Pik2Video/src/pik2video/gui/__pycache__', dest_path='', event_type='modified', is_directory=True, is_synthetic=False)
22:16:17 | INFO     | src.pik2video.application.controller | FFmpeg найден при старте
22:16:17 | DEBUG    | src.pik2video.gui.windows           | retranslate_ui вызван, язык: ru
22:16:19 | INFO     | src.pik2video.application.controller | Запрошен PREPARING_VIDEO
22:16:19 | INFO     | src.pik2video.application.controller | FFmpeg найден
22:16:19 | DEBUG    | src.pik2video.application.controller | Отправляем state_changed: AppState.PREPARING_VIDEO
22:16:19 | DEBUG    | src.pik2video.app                   | Состояние: AppState.PREPARING_VIDEO
22:16:19 | DEBUG    | src.pik2video.app                   | always_on_top=True, is_preparing=True, should=True, current=True, state=AppState.PREPARING_VIDEO
22:16:19 | DEBUG    | src.pik2video.app                   | Показываем видео сессию в MainWindow
22:16:22 | INFO     | src.pik2video.application.controller | Запрошен CANCEL_SESSION
22:16:22 | DEBUG    | src.pik2video.application.controller | Очистка runtime-данных
22:16:22 | DEBUG    | src.pik2video.application.controller | Отправляем state_changed: AppState.IDLE
22:16:22 | DEBUG    | src.pik2video.app                   | Состояние: AppState.IDLE
22:16:22 | DEBUG    | src.pik2video.app                   | always_on_top=True, is_preparing=False, should=True, current=True, state=AppState.IDLE
22:16:22 | DEBUG    | src.pik2video.gui.windows           | retranslate_ui вызван, язык: ru
22:16:29 | DEBUG    | src.pik2video.gui.windows           | вызван closeEvent. Текущая сессия завершена
22:16:31 | INFO     | Pik2Video                           | ============================================================
22:16:31 | INFO     | Pik2Video                           | Логирование настроено
22:16:31 | INFO     | Pik2Video                           | Режим DEBUG: True
22:16:31 | INFO     | Pik2Video                           | Файл логов: /Users/admin/Desktop/Pik2Video/logs/pik2video_2026-05-22.log
22:16:31 | INFO     | Pik2Video                           | ============================================================
22:16:31 | DEBUG    | src.pik2video.application.settings_model | Настройки загружены из /Users/admin/.pik2video/settings.json
22:16:31 | INFO     | src.pik2video.locale.translator     | Загружен язык: ru из /Users/admin/Desktop/Pik2Video/src/pik2video/locale/ru.json
22:16:31 | INFO     | src.pik2video.application.controller | FFmpeg найден при старте
22:16:31 | DEBUG    | src.pik2video.gui.windows           | retranslate_ui вызван, язык: ru
22:16:33 | INFO     | src.pik2video.application.controller | Запрошен PREPARING_VIDEO
22:16:33 | INFO     | src.pik2video.application.controller | FFmpeg найден
22:16:33 | DEBUG    | src.pik2video.application.controller | Отправляем state_changed: AppState.PREPARING_VIDEO
22:16:33 | DEBUG    | src.pik2video.app                   | Состояние: AppState.PREPARING_VIDEO
22:16:33 | DEBUG    | src.pik2video.app                   | always_on_top=True, is_preparing=True, should=True, current=True, state=AppState.PREPARING_VIDEO
22:16:33 | DEBUG    | src.pik2video.app                   | Показываем видео сессию в MainWindow
22:16:37 | INFO     | src.pik2video.application.controller | Запрошен CANCEL_SESSION
22:16:37 | DEBUG    | src.pik2video.application.controller | Очистка runtime-данных
22:16:37 | DEBUG    | src.pik2video.application.controller | Отправляем state_changed: AppState.IDLE
22:16:37 | DEBUG    | src.pik2video.app                   | Состояние: AppState.IDLE
22:16:37 | DEBUG    | src.pik2video.app                   | always_on_top=True, is_preparing=False, should=True, current=True, state=AppState.IDLE
22:16:37 | DEBUG    | src.pik2video.gui.windows           | retranslate_ui вызван, язык: ru
22:17:02 | INFO     | src.pik2video.application.controller | Запрошен PREPARING_VIDEO
22:17:02 | INFO     | src.pik2video.application.controller | FFmpeg найден
22:17:02 | DEBUG    | src.pik2video.application.controller | Отправляем state_changed: AppState.PREPARING_VIDEO
22:17:02 | DEBUG    | src.pik2video.app                   | Состояние: AppState.PREPARING_VIDEO
22:17:02 | DEBUG    | src.pik2video.app                   | always_on_top=True, is_preparing=True, should=True, current=True, state=AppState.PREPARING_VIDEO
22:17:02 | DEBUG    | src.pik2video.app                   | Показываем видео сессию в MainWindow
22:17:04 | INFO     | src.pik2video.application.controller | Запрошен CANCEL_SESSION
22:17:04 | DEBUG    | src.pik2video.application.controller | Очистка runtime-данных
22:17:04 | DEBUG    | src.pik2video.application.controller | Отправляем state_changed: AppState.IDLE
22:17:04 | DEBUG    | src.pik2video.app                   | Состояние: AppState.IDLE
22:17:04 | DEBUG    | src.pik2video.app                   | always_on_top=True, is_preparing=False, should=True, current=True, state=AppState.IDLE
22:17:04 | DEBUG    | src.pik2video.gui.windows           | retranslate_ui вызван, язык: ru
22:17:06 | INFO     | src.pik2video.application.controller | Запрошен PREPARING_VIDEO
22:17:06 | INFO     | src.pik2video.application.controller | FFmpeg найден
22:17:06 | DEBUG    | src.pik2video.application.controller | Отправляем state_changed: AppState.PREPARING_VIDEO
22:17:06 | DEBUG    | src.pik2video.app                   | Состояние: AppState.PREPARING_VIDEO
22:17:06 | DEBUG    | src.pik2video.app                   | always_on_top=True, is_preparing=True, should=True, current=True, state=AppState.PREPARING_VIDEO
22:17:06 | DEBUG    | src.pik2video.app                   | Показываем видео сессию в MainWindow
22:17:08 | INFO     | src.pik2video.application.controller | Запрошен CANCEL_SESSION
22:17:08 | DEBUG    | src.pik2video.application.controller | Очистка runtime-данных
22:17:08 | DEBUG    | src.pik2video.application.controller | Отправляем state_changed: AppState.IDLE
22:17:08 | DEBUG    | src.pik2video.app                   | Состояние: AppState.IDLE
22:17:08 | DEBUG    | src.pik2video.app                   | always_on_top=True, is_preparing=False, should=True, current=True, state=AppState.IDLE
22:17:08 | DEBUG    | src.pik2video.gui.windows           | retranslate_ui вызван, язык: ru
22:17:29 | INFO     | src.pik2video.application.controller | Запрошен PREPARING_VIDEO
22:17:29 | INFO     | src.pik2video.application.controller | FFmpeg найден
22:17:29 | DEBUG    | src.pik2video.application.controller | Отправляем state_changed: AppState.PREPARING_VIDEO
22:17:29 | DEBUG    | src.pik2video.app                   | Состояние: AppState.PREPARING_VIDEO
22:17:29 | DEBUG    | src.pik2video.app                   | always_on_top=True, is_preparing=True, should=True, current=True, state=AppState.PREPARING_VIDEO
22:17:29 | DEBUG    | src.pik2video.app                   | Показываем видео сессию в MainWindow
22:17:31 | INFO     | src.pik2video.application.controller | Запрошен CANCEL_SESSION
22:17:31 | DEBUG    | src.pik2video.application.controller | Очистка runtime-данных
22:17:31 | DEBUG    | src.pik2video.application.controller | Отправляем state_changed: AppState.IDLE
22:17:31 | DEBUG    | src.pik2video.app                   | Состояние: AppState.IDLE
22:17:31 | DEBUG    | src.pik2video.app                   | always_on_top=True, is_preparing=False, should=True, current=True, state=AppState.IDLE
22:17:31 | DEBUG    | src.pik2video.gui.windows           | retranslate_ui вызван, язык: ru
22:20:19 | DEBUG    | fsevents                            | NativeEvent(path="/Users/admin/Desktop/Pik2Video/src/pik2video/gui/overlays.py", inode=7381394, flags=11400, id=222324133): is_file, is_inode_meta_mod, is_modified
22:20:19 | DEBUG    | fsevents                            | queue_event FileModifiedEvent(src_path='/Users/admin/Desktop/Pik2Video/src/pik2video/gui/overlays.py', dest_path='', event_type='modified', is_directory=False, is_synthetic=False)
22:20:19 | INFO     | Pik2Video                           | ============================================================
22:20:19 | INFO     | Pik2Video                           | Логирование настроено
22:20:19 | INFO     | Pik2Video                           | Режим DEBUG: True
22:20:19 | INFO     | Pik2Video                           | Файл логов: /Users/admin/Desktop/Pik2Video/logs/pik2video_2026-05-22.log
22:20:19 | INFO     | Pik2Video                           | ============================================================
22:20:20 | DEBUG    | fsevents                            | NativeEvent(path="/Users/admin/Desktop/Pik2Video/src/pik2video/gui/__pycache__/overlays.cpython-312.pyc.4697777968", inode=12848343, flags=19900, id=222324187): is_coalesced, is_created, is_file, is_modified, is_renamed, is_xattr_mod
22:20:20 | DEBUG    | fsevents                            | NativeEvent(path="/Users/admin/Desktop/Pik2Video/src/pik2video/gui/__pycache__/overlays.cpython-312.pyc", inode=12848343, flags=10800, id=222324188): is_file, is_renamed
22:20:20 | DEBUG    | fsevents                            | NativeEvent(path="/Users/admin/Desktop/Pik2Video/src/pik2video/gui/__pycache__/overlays.cpython-312.pyc", inode=12848022, flags=10800, id=222324189): is_file, is_renamed
22:20:20 | DEBUG    | fsevents                            | queue_event FileCreatedEvent(src_path='/Users/admin/Desktop/Pik2Video/src/pik2video/gui/__pycache__/overlays.cpython-312.pyc.4697777968', dest_path='', event_type='created', is_directory=False, is_synthetic=False)
22:20:20 | DEBUG    | fsevents                            | queue_event DirModifiedEvent(src_path='/Users/admin/Desktop/Pik2Video/src/pik2video/gui/__pycache__', dest_path='', event_type='modified', is_directory=True, is_synthetic=False)
22:20:20 | DEBUG    | fsevents                            | queue_event FileModifiedEvent(src_path='/Users/admin/Desktop/Pik2Video/src/pik2video/gui/__pycache__/overlays.cpython-312.pyc.4697777968', dest_path='', event_type='modified', is_directory=False, is_synthetic=False)
22:20:20 | DEBUG    | src.pik2video.application.settings_model | Настройки загружены из /Users/admin/.pik2video/settings.json
22:20:20 | DEBUG    | fsevents                            | Destination event for rename is NativeEvent(path="/Users/admin/Desktop/Pik2Video/src/pik2video/gui/__pycache__/overlays.cpython-312.pyc", inode=12848343, flags=10800, id=222324188)
22:20:20 | DEBUG    | fsevents                            | queue_event FileMovedEvent(src_path='/Users/admin/Desktop/Pik2Video/src/pik2video/gui/__pycache__/overlays.cpython-312.pyc.4697777968', dest_path='/Users/admin/Desktop/Pik2Video/src/pik2video/gui/__pycache__/overlays.cpython-312.pyc', event_type='moved', is_directory=False, is_synthetic=False)
22:20:20 | DEBUG    | fsevents                            | queue_event DirModifiedEvent(src_path='/Users/admin/Desktop/Pik2Video/src/pik2video/gui/__pycache__', dest_path='', event_type='modified', is_directory=True, is_synthetic=False)
22:20:20 | DEBUG    | fsevents                            | queue_event DirModifiedEvent(src_path='/Users/admin/Desktop/Pik2Video/src/pik2video/gui/__pycache__', dest_path='', event_type='modified', is_directory=True, is_synthetic=False)
22:20:20 | DEBUG    | fsevents                            | queue_event FileDeletedEvent(src_path='/Users/admin/Desktop/Pik2Video/src/pik2video/gui/__pycache__/overlays.cpython-312.pyc', dest_path='', event_type='deleted', is_directory=False, is_synthetic=False)
22:20:20 | DEBUG    | fsevents                            | queue_event DirModifiedEvent(src_path='/Users/admin/Desktop/Pik2Video/src/pik2video/gui/__pycache__', dest_path='', event_type='modified', is_directory=True, is_synthetic=False)
22:20:20 | INFO     | src.pik2video.locale.translator     | Загружен язык: ru из /Users/admin/Desktop/Pik2Video/src/pik2video/locale/ru.json
22:20:20 | INFO     | src.pik2video.application.controller | FFmpeg найден при старте
22:20:20 | DEBUG    | src.pik2video.gui.windows           | retranslate_ui вызван, язык: ru
22:20:22 | INFO     | src.pik2video.application.controller | Запрошен PREPARING_VIDEO
22:20:22 | INFO     | src.pik2video.application.controller | FFmpeg найден
22:20:22 | DEBUG    | src.pik2video.application.controller | Отправляем state_changed: AppState.PREPARING_VIDEO
22:20:22 | DEBUG    | src.pik2video.app                   | Состояние: AppState.PREPARING_VIDEO
22:20:22 | DEBUG    | src.pik2video.app                   | always_on_top=True, is_preparing=True, should=True, current=True, state=AppState.PREPARING_VIDEO
22:20:22 | DEBUG    | src.pik2video.app                   | Показываем видео сессию в MainWindow
22:20:22 | DEBUG    | src.pik2video.app                   | Overlay показан
22:20:22 | DEBUG    | src.pik2video.gui.overlays          | Область обновлена из пресета: PySide6.QtCore.QRect(0, 0, 1440, 900)
22:20:22 | DEBUG    | src.pik2video.app                   | Установлен начальный пресет: {'x1': 0, 'y1': 0, 'x2': 1440, 'y2': 900}
22:20:22 | DEBUG    | src.pik2video.app                   | Окно пресетов показано
22:20:30 | INFO     | src.pik2video.application.controller | Запрошен CANCEL_SESSION
22:20:30 | DEBUG    | src.pik2video.application.controller | Очистка runtime-данных
22:20:30 | DEBUG    | src.pik2video.application.controller | Отправляем state_changed: AppState.IDLE
22:20:30 | DEBUG    | src.pik2video.app                   | Состояние: AppState.IDLE
22:20:30 | DEBUG    | src.pik2video.app                   | always_on_top=True, is_preparing=False, should=True, current=True, state=AppState.IDLE
22:20:30 | DEBUG    | src.pik2video.gui.windows           | retranslate_ui вызван, язык: ru
22:20:52 | DEBUG    | fsevents                            | NativeEvent(path="/Users/admin/Desktop/Pik2Video/src/pik2video/gui/overlays.py", inode=7381394, flags=11400, id=222324859): is_file, is_inode_meta_mod, is_modified
22:20:52 | DEBUG    | fsevents                            | queue_event FileModifiedEvent(src_path='/Users/admin/Desktop/Pik2Video/src/pik2video/gui/overlays.py', dest_path='', event_type='modified', is_directory=False, is_synthetic=False)
22:20:52 | INFO     | Pik2Video                           | ============================================================
22:20:52 | INFO     | Pik2Video                           | Логирование настроено
22:20:52 | INFO     | Pik2Video                           | Режим DEBUG: True
22:20:52 | INFO     | Pik2Video                           | Файл логов: /Users/admin/Desktop/Pik2Video/logs/pik2video_2026-05-22.log
22:20:52 | INFO     | Pik2Video                           | ============================================================
22:20:52 | DEBUG    | fsevents                            | NativeEvent(path="/Users/admin/Desktop/Pik2Video/src/pik2video/gui/__pycache__/overlays.cpython-312.pyc.4652246832", inode=12848386, flags=19900, id=222324899): is_coalesced, is_created, is_file, is_modified, is_renamed, is_xattr_mod
22:20:52 | DEBUG    | fsevents                            | NativeEvent(path="/Users/admin/Desktop/Pik2Video/src/pik2video/gui/__pycache__/overlays.cpython-312.pyc", inode=12848386, flags=10800, id=222324900): is_file, is_renamed
22:20:52 | DEBUG    | fsevents                            | NativeEvent(path="/Users/admin/Desktop/Pik2Video/src/pik2video/gui/__pycache__/overlays.cpython-312.pyc", inode=12848343, flags=10800, id=222324901): is_file, is_renamed
22:20:52 | DEBUG    | src.pik2video.application.settings_model | Настройки загружены из /Users/admin/.pik2video/settings.json
22:20:52 | DEBUG    | fsevents                            | queue_event FileCreatedEvent(src_path='/Users/admin/Desktop/Pik2Video/src/pik2video/gui/__pycache__/overlays.cpython-312.pyc.4652246832', dest_path='', event_type='created', is_directory=False, is_synthetic=False)
22:20:52 | DEBUG    | fsevents                            | queue_event DirModifiedEvent(src_path='/Users/admin/Desktop/Pik2Video/src/pik2video/gui/__pycache__', dest_path='', event_type='modified', is_directory=True, is_synthetic=False)
22:20:52 | DEBUG    | fsevents                            | queue_event FileModifiedEvent(src_path='/Users/admin/Desktop/Pik2Video/src/pik2video/gui/__pycache__/overlays.cpython-312.pyc.4652246832', dest_path='', event_type='modified', is_directory=False, is_synthetic=False)
22:20:52 | INFO     | src.pik2video.locale.translator     | Загружен язык: ru из /Users/admin/Desktop/Pik2Video/src/pik2video/locale/ru.json
22:20:52 | DEBUG    | fsevents                            | Destination event for rename is NativeEvent(path="/Users/admin/Desktop/Pik2Video/src/pik2video/gui/__pycache__/overlays.cpython-312.pyc", inode=12848386, flags=10800, id=222324900)
22:20:52 | DEBUG    | fsevents                            | queue_event FileMovedEvent(src_path='/Users/admin/Desktop/Pik2Video/src/pik2video/gui/__pycache__/overlays.cpython-312.pyc.4652246832', dest_path='/Users/admin/Desktop/Pik2Video/src/pik2video/gui/__pycache__/overlays.cpython-312.pyc', event_type='moved', is_directory=False, is_synthetic=False)
22:20:52 | DEBUG    | fsevents                            | queue_event DirModifiedEvent(src_path='/Users/admin/Desktop/Pik2Video/src/pik2video/gui/__pycache__', dest_path='', event_type='modified', is_directory=True, is_synthetic=False)
22:20:52 | DEBUG    | fsevents                            | queue_event DirModifiedEvent(src_path='/Users/admin/Desktop/Pik2Video/src/pik2video/gui/__pycache__', dest_path='', event_type='modified', is_directory=True, is_synthetic=False)
22:20:52 | DEBUG    | fsevents                            | queue_event FileDeletedEvent(src_path='/Users/admin/Desktop/Pik2Video/src/pik2video/gui/__pycache__/overlays.cpython-312.pyc', dest_path='', event_type='deleted', is_directory=False, is_synthetic=False)
22:20:52 | DEBUG    | fsevents                            | queue_event DirModifiedEvent(src_path='/Users/admin/Desktop/Pik2Video/src/pik2video/gui/__pycache__', dest_path='', event_type='modified', is_directory=True, is_synthetic=False)
22:20:52 | INFO     | src.pik2video.application.controller | FFmpeg найден при старте
22:20:52 | DEBUG    | src.pik2video.gui.windows           | retranslate_ui вызван, язык: ru
22:20:53 | INFO     | src.pik2video.application.controller | Запрошен PREPARING_VIDEO
22:20:53 | INFO     | src.pik2video.application.controller | FFmpeg найден
22:20:53 | DEBUG    | src.pik2video.application.controller | Отправляем state_changed: AppState.PREPARING_VIDEO
22:20:53 | DEBUG    | src.pik2video.app                   | Состояние: AppState.PREPARING_VIDEO
22:20:53 | DEBUG    | src.pik2video.app                   | always_on_top=True, is_preparing=True, should=True, current=True, state=AppState.PREPARING_VIDEO
22:20:53 | DEBUG    | src.pik2video.app                   | Показываем видео сессию в MainWindow
22:20:53 | DEBUG    | src.pik2video.app                   | Overlay показан
22:20:53 | DEBUG    | src.pik2video.gui.overlays          | Область обновлена из пресета: PySide6.QtCore.QRect(0, 0, 1440, 900)
22:20:53 | DEBUG    | src.pik2video.app                   | Установлен начальный пресет: {'x1': 0, 'y1': 0, 'x2': 1440, 'y2': 900}
22:20:53 | DEBUG    | src.pik2video.app                   | Окно пресетов показано
22:20:57 | INFO     | src.pik2video.application.controller | Запрошен CANCEL_SESSION
22:20:57 | DEBUG    | src.pik2video.application.controller | Очистка runtime-данных
22:20:57 | DEBUG    | src.pik2video.application.controller | Отправляем state_changed: AppState.IDLE
22:20:57 | DEBUG    | src.pik2video.app                   | Состояние: AppState.IDLE
22:20:57 | DEBUG    | src.pik2video.app                   | always_on_top=True, is_preparing=False, should=True, current=True, state=AppState.IDLE
22:20:57 | DEBUG    | src.pik2video.gui.windows           | retranslate_ui вызван, язык: ru
22:21:32 | DEBUG    | fsevents                            | NativeEvent(path="/Users/admin/Desktop/Pik2Video/src/pik2video/gui/overlays.py", inode=7381394, flags=11400, id=222325816): is_file, is_inode_meta_mod, is_modified
22:21:32 | DEBUG    | fsevents                            | queue_event FileModifiedEvent(src_path='/Users/admin/Desktop/Pik2Video/src/pik2video/gui/overlays.py', dest_path='', event_type='modified', is_directory=False, is_synthetic=False)
22:21:32 | INFO     | Pik2Video                           | ============================================================
22:21:32 | INFO     | Pik2Video                           | Логирование настроено
22:21:32 | INFO     | Pik2Video                           | Режим DEBUG: True
22:21:32 | INFO     | Pik2Video                           | Файл логов: /Users/admin/Desktop/Pik2Video/logs/pik2video_2026-05-22.log
22:21:32 | INFO     | Pik2Video                           | ============================================================
22:21:32 | DEBUG    | fsevents                            | NativeEvent(path="/Users/admin/Desktop/Pik2Video/src/pik2video/gui/__pycache__/overlays.cpython-312.pyc.4654901040", inode=12848448, flags=19900, id=222325856): is_coalesced, is_created, is_file, is_modified, is_renamed, is_xattr_mod
22:21:32 | DEBUG    | fsevents                            | NativeEvent(path="/Users/admin/Desktop/Pik2Video/src/pik2video/gui/__pycache__/overlays.cpython-312.pyc", inode=12848448, flags=10800, id=222325857): is_file, is_renamed
22:21:32 | DEBUG    | fsevents                            | NativeEvent(path="/Users/admin/Desktop/Pik2Video/src/pik2video/gui/__pycache__/overlays.cpython-312.pyc", inode=12848386, flags=10800, id=222325858): is_file, is_renamed
22:21:32 | DEBUG    | fsevents                            | queue_event FileCreatedEvent(src_path='/Users/admin/Desktop/Pik2Video/src/pik2video/gui/__pycache__/overlays.cpython-312.pyc.4654901040', dest_path='', event_type='created', is_directory=False, is_synthetic=False)
22:21:32 | DEBUG    | fsevents                            | queue_event DirModifiedEvent(src_path='/Users/admin/Desktop/Pik2Video/src/pik2video/gui/__pycache__', dest_path='', event_type='modified', is_directory=True, is_synthetic=False)
22:21:32 | DEBUG    | fsevents                            | queue_event FileModifiedEvent(src_path='/Users/admin/Desktop/Pik2Video/src/pik2video/gui/__pycache__/overlays.cpython-312.pyc.4654901040', dest_path='', event_type='modified', is_directory=False, is_synthetic=False)
22:21:32 | DEBUG    | src.pik2video.application.settings_model | Настройки загружены из /Users/admin/.pik2video/settings.json
22:21:32 | DEBUG    | fsevents                            | Destination event for rename is NativeEvent(path="/Users/admin/Desktop/Pik2Video/src/pik2video/gui/__pycache__/overlays.cpython-312.pyc", inode=12848448, flags=10800, id=222325857)
22:21:32 | DEBUG    | fsevents                            | queue_event FileMovedEvent(src_path='/Users/admin/Desktop/Pik2Video/src/pik2video/gui/__pycache__/overlays.cpython-312.pyc.4654901040', dest_path='/Users/admin/Desktop/Pik2Video/src/pik2video/gui/__pycache__/overlays.cpython-312.pyc', event_type='moved', is_directory=False, is_synthetic=False)
22:21:32 | DEBUG    | fsevents                            | queue_event DirModifiedEvent(src_path='/Users/admin/Desktop/Pik2Video/src/pik2video/gui/__pycache__', dest_path='', event_type='modified', is_directory=True, is_synthetic=False)
22:21:32 | DEBUG    | fsevents                            | queue_event DirModifiedEvent(src_path='/Users/admin/Desktop/Pik2Video/src/pik2video/gui/__pycache__', dest_path='', event_type='modified', is_directory=True, is_synthetic=False)
22:21:32 | DEBUG    | fsevents                            | queue_event FileDeletedEvent(src_path='/Users/admin/Desktop/Pik2Video/src/pik2video/gui/__pycache__/overlays.cpython-312.pyc', dest_path='', event_type='deleted', is_directory=False, is_synthetic=False)
22:21:32 | DEBUG    | fsevents                            | queue_event DirModifiedEvent(src_path='/Users/admin/Desktop/Pik2Video/src/pik2video/gui/__pycache__', dest_path='', event_type='modified', is_directory=True, is_synthetic=False)
22:21:32 | INFO     | src.pik2video.locale.translator     | Загружен язык: ru из /Users/admin/Desktop/Pik2Video/src/pik2video/locale/ru.json
22:21:32 | INFO     | src.pik2video.application.controller | FFmpeg найден при старте
22:21:32 | DEBUG    | src.pik2video.gui.windows           | retranslate_ui вызван, язык: ru
22:21:35 | INFO     | src.pik2video.application.controller | Запрошен PREPARING_VIDEO
22:21:35 | INFO     | src.pik2video.application.controller | FFmpeg найден
22:21:35 | DEBUG    | src.pik2video.application.controller | Отправляем state_changed: AppState.PREPARING_VIDEO
22:21:35 | DEBUG    | src.pik2video.app                   | Состояние: AppState.PREPARING_VIDEO
22:21:35 | DEBUG    | src.pik2video.app                   | always_on_top=True, is_preparing=True, should=True, current=True, state=AppState.PREPARING_VIDEO
22:21:35 | DEBUG    | src.pik2video.app                   | Показываем видео сессию в MainWindow
22:21:35 | DEBUG    | src.pik2video.app                   | Overlay показан
22:21:35 | DEBUG    | src.pik2video.gui.overlays          | Область обновлена из пресета: PySide6.QtCore.QRect(0, 0, 1440, 900)
22:21:35 | DEBUG    | src.pik2video.app                   | Установлен начальный пресет: {'x1': 0, 'y1': 0, 'x2': 1440, 'y2': 900}
22:21:35 | DEBUG    | src.pik2video.app                   | Окно пресетов показано
22:21:38 | INFO     | src.pik2video.application.controller | Запрошен CANCEL_SESSION
22:21:38 | DEBUG    | src.pik2video.application.controller | Очистка runtime-данных
22:21:38 | DEBUG    | src.pik2video.application.controller | Отправляем state_changed: AppState.IDLE
22:21:38 | DEBUG    | src.pik2video.app                   | Состояние: AppState.IDLE
22:21:38 | DEBUG    | src.pik2video.app                   | always_on_top=True, is_preparing=False, should=True, current=True, state=AppState.IDLE
22:21:38 | DEBUG    | src.pik2video.gui.windows           | retranslate_ui вызван, язык: ru
22:21:42 | DEBUG    | fsevents                            | NativeEvent(path="/Users/admin/Desktop/Pik2Video/src/pik2video/gui/overlays.py", inode=7381394, flags=11400, id=222326355): is_file, is_inode_meta_mod, is_modified
22:21:42 | DEBUG    | fsevents                            | queue_event FileModifiedEvent(src_path='/Users/admin/Desktop/Pik2Video/src/pik2video/gui/overlays.py', dest_path='', event_type='modified', is_directory=False, is_synthetic=False)
22:21:43 | INFO     | Pik2Video                           | ============================================================
22:21:43 | INFO     | Pik2Video                           | Логирование настроено
22:21:43 | INFO     | Pik2Video                           | Режим DEBUG: True
22:21:43 | INFO     | Pik2Video                           | Файл логов: /Users/admin/Desktop/Pik2Video/logs/pik2video_2026-05-22.log
22:21:43 | INFO     | Pik2Video                           | ============================================================
22:21:43 | DEBUG    | fsevents                            | NativeEvent(path="/Users/admin/Desktop/Pik2Video/src/pik2video/gui/__pycache__/overlays.cpython-312.pyc.4625131312", inode=12848486, flags=19900, id=222326395): is_coalesced, is_created, is_file, is_modified, is_renamed, is_xattr_mod
22:21:43 | DEBUG    | fsevents                            | NativeEvent(path="/Users/admin/Desktop/Pik2Video/src/pik2video/gui/__pycache__/overlays.cpython-312.pyc", inode=12848486, flags=10800, id=222326396): is_file, is_renamed
22:21:43 | DEBUG    | fsevents                            | NativeEvent(path="/Users/admin/Desktop/Pik2Video/src/pik2video/gui/__pycache__/overlays.cpython-312.pyc", inode=12848448, flags=10800, id=222326397): is_file, is_renamed
22:21:43 | DEBUG    | fsevents                            | queue_event FileCreatedEvent(src_path='/Users/admin/Desktop/Pik2Video/src/pik2video/gui/__pycache__/overlays.cpython-312.pyc.4625131312', dest_path='', event_type='created', is_directory=False, is_synthetic=False)
22:21:43 | DEBUG    | fsevents                            | queue_event DirModifiedEvent(src_path='/Users/admin/Desktop/Pik2Video/src/pik2video/gui/__pycache__', dest_path='', event_type='modified', is_directory=True, is_synthetic=False)
22:21:43 | DEBUG    | src.pik2video.application.settings_model | Настройки загружены из /Users/admin/.pik2video/settings.json
22:21:43 | DEBUG    | fsevents                            | queue_event FileModifiedEvent(src_path='/Users/admin/Desktop/Pik2Video/src/pik2video/gui/__pycache__/overlays.cpython-312.pyc.4625131312', dest_path='', event_type='modified', is_directory=False, is_synthetic=False)
22:21:43 | DEBUG    | fsevents                            | Destination event for rename is NativeEvent(path="/Users/admin/Desktop/Pik2Video/src/pik2video/gui/__pycache__/overlays.cpython-312.pyc", inode=12848486, flags=10800, id=222326396)
22:21:43 | DEBUG    | fsevents                            | queue_event FileMovedEvent(src_path='/Users/admin/Desktop/Pik2Video/src/pik2video/gui/__pycache__/overlays.cpython-312.pyc.4625131312', dest_path='/Users/admin/Desktop/Pik2Video/src/pik2video/gui/__pycache__/overlays.cpython-312.pyc', event_type='moved', is_directory=False, is_synthetic=False)
22:21:43 | DEBUG    | fsevents                            | queue_event DirModifiedEvent(src_path='/Users/admin/Desktop/Pik2Video/src/pik2video/gui/__pycache__', dest_path='', event_type='modified', is_directory=True, is_synthetic=False)
22:21:43 | DEBUG    | fsevents                            | queue_event DirModifiedEvent(src_path='/Users/admin/Desktop/Pik2Video/src/pik2video/gui/__pycache__', dest_path='', event_type='modified', is_directory=True, is_synthetic=False)
22:21:43 | DEBUG    | fsevents                            | queue_event FileDeletedEvent(src_path='/Users/admin/Desktop/Pik2Video/src/pik2video/gui/__pycache__/overlays.cpython-312.pyc', dest_path='', event_type='deleted', is_directory=False, is_synthetic=False)
22:21:43 | INFO     | src.pik2video.locale.translator     | Загружен язык: ru из /Users/admin/Desktop/Pik2Video/src/pik2video/locale/ru.json
22:21:43 | DEBUG    | fsevents                            | queue_event DirModifiedEvent(src_path='/Users/admin/Desktop/Pik2Video/src/pik2video/gui/__pycache__', dest_path='', event_type='modified', is_directory=True, is_synthetic=False)
22:21:43 | INFO     | src.pik2video.application.controller | FFmpeg найден при старте
22:21:43 | DEBUG    | src.pik2video.gui.windows           | retranslate_ui вызван, язык: ru
22:21:44 | INFO     | src.pik2video.application.controller | Запрошен PREPARING_VIDEO
22:21:44 | INFO     | src.pik2video.application.controller | FFmpeg найден
22:21:44 | DEBUG    | src.pik2video.application.controller | Отправляем state_changed: AppState.PREPARING_VIDEO
22:21:44 | DEBUG    | src.pik2video.app                   | Состояние: AppState.PREPARING_VIDEO
22:21:44 | DEBUG    | src.pik2video.app                   | always_on_top=True, is_preparing=True, should=True, current=True, state=AppState.PREPARING_VIDEO
22:21:44 | DEBUG    | src.pik2video.app                   | Показываем видео сессию в MainWindow
22:21:44 | DEBUG    | src.pik2video.app                   | Overlay показан
22:21:44 | DEBUG    | src.pik2video.gui.overlays          | Область обновлена из пресета: PySide6.QtCore.QRect(0, 0, 1440, 900)
22:21:44 | DEBUG    | src.pik2video.app                   | Установлен начальный пресет: {'x1': 0, 'y1': 0, 'x2': 1440, 'y2': 900}
22:21:44 | DEBUG    | src.pik2video.app                   | Окно пресетов показано
22:21:47 | INFO     | src.pik2video.application.controller | Запрошен CANCEL_SESSION
22:21:47 | DEBUG    | src.pik2video.application.controller | Очистка runtime-данных
22:21:47 | DEBUG    | src.pik2video.application.controller | Отправляем state_changed: AppState.IDLE
22:21:47 | DEBUG    | src.pik2video.app                   | Состояние: AppState.IDLE
22:21:47 | DEBUG    | src.pik2video.app                   | always_on_top=True, is_preparing=False, should=True, current=True, state=AppState.IDLE
22:21:47 | DEBUG    | src.pik2video.gui.windows           | retranslate_ui вызван, язык: ru
22:21:53 | DEBUG    | fsevents                            | NativeEvent(path="/Users/admin/Desktop/Pik2Video/src/pik2video/gui/overlays.py", inode=7381394, flags=11400, id=222326954): is_file, is_inode_meta_mod, is_modified
22:21:53 | DEBUG    | fsevents                            | queue_event FileModifiedEvent(src_path='/Users/admin/Desktop/Pik2Video/src/pik2video/gui/overlays.py', dest_path='', event_type='modified', is_directory=False, is_synthetic=False)
22:21:53 | INFO     | Pik2Video                           | ============================================================
22:21:53 | INFO     | Pik2Video                           | Логирование настроено
22:21:53 | INFO     | Pik2Video                           | Режим DEBUG: True
22:21:53 | INFO     | Pik2Video                           | Файл логов: /Users/admin/Desktop/Pik2Video/logs/pik2video_2026-05-22.log
22:21:53 | INFO     | Pik2Video                           | ============================================================
22:21:53 | DEBUG    | fsevents                            | NativeEvent(path="/Users/admin/Desktop/Pik2Video/src/pik2video/gui/__pycache__/overlays.cpython-312.pyc.4698711856", inode=12848527, flags=19900, id=222326994): is_coalesced, is_created, is_file, is_modified, is_renamed, is_xattr_mod
22:21:53 | DEBUG    | fsevents                            | NativeEvent(path="/Users/admin/Desktop/Pik2Video/src/pik2video/gui/__pycache__/overlays.cpython-312.pyc", inode=12848527, flags=10800, id=222326995): is_file, is_renamed
22:21:53 | DEBUG    | fsevents                            | NativeEvent(path="/Users/admin/Desktop/Pik2Video/src/pik2video/gui/__pycache__/overlays.cpython-312.pyc", inode=12848486, flags=10800, id=222326996): is_file, is_renamed
22:21:53 | DEBUG    | fsevents                            | queue_event FileCreatedEvent(src_path='/Users/admin/Desktop/Pik2Video/src/pik2video/gui/__pycache__/overlays.cpython-312.pyc.4698711856', dest_path='', event_type='created', is_directory=False, is_synthetic=False)
22:21:53 | DEBUG    | src.pik2video.application.settings_model | Настройки загружены из /Users/admin/.pik2video/settings.json
22:21:53 | DEBUG    | fsevents                            | queue_event DirModifiedEvent(src_path='/Users/admin/Desktop/Pik2Video/src/pik2video/gui/__pycache__', dest_path='', event_type='modified', is_directory=True, is_synthetic=False)
22:21:53 | DEBUG    | fsevents                            | queue_event FileModifiedEvent(src_path='/Users/admin/Desktop/Pik2Video/src/pik2video/gui/__pycache__/overlays.cpython-312.pyc.4698711856', dest_path='', event_type='modified', is_directory=False, is_synthetic=False)
22:21:53 | DEBUG    | fsevents                            | Destination event for rename is NativeEvent(path="/Users/admin/Desktop/Pik2Video/src/pik2video/gui/__pycache__/overlays.cpython-312.pyc", inode=12848527, flags=10800, id=222326995)
22:21:53 | DEBUG    | fsevents                            | queue_event FileMovedEvent(src_path='/Users/admin/Desktop/Pik2Video/src/pik2video/gui/__pycache__/overlays.cpython-312.pyc.4698711856', dest_path='/Users/admin/Desktop/Pik2Video/src/pik2video/gui/__pycache__/overlays.cpython-312.pyc', event_type='moved', is_directory=False, is_synthetic=False)
22:21:53 | DEBUG    | fsevents                            | queue_event DirModifiedEvent(src_path='/Users/admin/Desktop/Pik2Video/src/pik2video/gui/__pycache__', dest_path='', event_type='modified', is_directory=True, is_synthetic=False)
22:21:53 | DEBUG    | fsevents                            | queue_event DirModifiedEvent(src_path='/Users/admin/Desktop/Pik2Video/src/pik2video/gui/__pycache__', dest_path='', event_type='modified', is_directory=True, is_synthetic=False)
22:21:53 | INFO     | src.pik2video.locale.translator     | Загружен язык: ru из /Users/admin/Desktop/Pik2Video/src/pik2video/locale/ru.json
22:21:53 | DEBUG    | fsevents                            | queue_event FileDeletedEvent(src_path='/Users/admin/Desktop/Pik2Video/src/pik2video/gui/__pycache__/overlays.cpython-312.pyc', dest_path='', event_type='deleted', is_directory=False, is_synthetic=False)
22:21:53 | DEBUG    | fsevents                            | queue_event DirModifiedEvent(src_path='/Users/admin/Desktop/Pik2Video/src/pik2video/gui/__pycache__', dest_path='', event_type='modified', is_directory=True, is_synthetic=False)
22:21:53 | INFO     | src.pik2video.application.controller | FFmpeg найден при старте
22:21:53 | DEBUG    | src.pik2video.gui.windows           | retranslate_ui вызван, язык: ru
22:21:55 | INFO     | src.pik2video.application.controller | Запрошен PREPARING_VIDEO
22:21:55 | INFO     | src.pik2video.application.controller | FFmpeg найден
22:21:55 | DEBUG    | src.pik2video.application.controller | Отправляем state_changed: AppState.PREPARING_VIDEO
22:21:55 | DEBUG    | src.pik2video.app                   | Состояние: AppState.PREPARING_VIDEO
22:21:55 | DEBUG    | src.pik2video.app                   | always_on_top=True, is_preparing=True, should=True, current=True, state=AppState.PREPARING_VIDEO
22:21:55 | DEBUG    | src.pik2video.app                   | Показываем видео сессию в MainWindow
22:21:55 | DEBUG    | src.pik2video.app                   | Overlay показан
22:21:55 | DEBUG    | src.pik2video.gui.overlays          | Область обновлена из пресета: PySide6.QtCore.QRect(0, 0, 1440, 900)
22:21:55 | DEBUG    | src.pik2video.app                   | Установлен начальный пресет: {'x1': 0, 'y1': 0, 'x2': 1440, 'y2': 900}
22:21:55 | DEBUG    | src.pik2video.app                   | Окно пресетов показано
22:21:58 | INFO     | src.pik2video.application.controller | Запрошен CANCEL_SESSION
22:21:58 | DEBUG    | src.pik2video.application.controller | Очистка runtime-данных
22:21:58 | DEBUG    | src.pik2video.application.controller | Отправляем state_changed: AppState.IDLE
22:21:58 | DEBUG    | src.pik2video.app                   | Состояние: AppState.IDLE
22:21:58 | DEBUG    | src.pik2video.app                   | always_on_top=True, is_preparing=False, should=True, current=True, state=AppState.IDLE
22:21:58 | DEBUG    | src.pik2video.gui.windows           | retranslate_ui вызван, язык: ru
22:22:03 | DEBUG    | fsevents                            | NativeEvent(path="/Users/admin/Desktop/Pik2Video/src/pik2video/gui/overlays.py", inode=7381394, flags=11400, id=222327605): is_file, is_inode_meta_mod, is_modified
22:22:03 | DEBUG    | fsevents                            | queue_event FileModifiedEvent(src_path='/Users/admin/Desktop/Pik2Video/src/pik2video/gui/overlays.py', dest_path='', event_type='modified', is_directory=False, is_synthetic=False)
22:22:03 | INFO     | Pik2Video                           | ============================================================
22:22:03 | INFO     | Pik2Video                           | Логирование настроено
22:22:03 | INFO     | Pik2Video                           | Режим DEBUG: True
22:22:03 | INFO     | Pik2Video                           | Файл логов: /Users/admin/Desktop/Pik2Video/logs/pik2video_2026-05-22.log
22:22:03 | INFO     | Pik2Video                           | ============================================================
22:22:03 | DEBUG    | fsevents                            | NativeEvent(path="/Users/admin/Desktop/Pik2Video/src/pik2video/gui/__pycache__/overlays.cpython-312.pyc.4704560944", inode=12848568, flags=19900, id=222327647): is_coalesced, is_created, is_file, is_modified, is_renamed, is_xattr_mod
22:22:03 | DEBUG    | src.pik2video.application.settings_model | Настройки загружены из /Users/admin/.pik2video/settings.json
22:22:03 | DEBUG    | fsevents                            | NativeEvent(path="/Users/admin/Desktop/Pik2Video/src/pik2video/gui/__pycache__/overlays.cpython-312.pyc", inode=12848568, flags=10800, id=222327648): is_file, is_renamed
22:22:03 | DEBUG    | fsevents                            | NativeEvent(path="/Users/admin/Desktop/Pik2Video/src/pik2video/gui/__pycache__/overlays.cpython-312.pyc", inode=12848527, flags=10800, id=222327649): is_file, is_renamed
22:22:03 | INFO     | src.pik2video.locale.translator     | Загружен язык: ru из /Users/admin/Desktop/Pik2Video/src/pik2video/locale/ru.json
22:22:03 | DEBUG    | fsevents                            | queue_event FileCreatedEvent(src_path='/Users/admin/Desktop/Pik2Video/src/pik2video/gui/__pycache__/overlays.cpython-312.pyc.4704560944', dest_path='', event_type='created', is_directory=False, is_synthetic=False)
22:22:03 | DEBUG    | fsevents                            | queue_event DirModifiedEvent(src_path='/Users/admin/Desktop/Pik2Video/src/pik2video/gui/__pycache__', dest_path='', event_type='modified', is_directory=True, is_synthetic=False)
22:22:03 | DEBUG    | fsevents                            | queue_event FileModifiedEvent(src_path='/Users/admin/Desktop/Pik2Video/src/pik2video/gui/__pycache__/overlays.cpython-312.pyc.4704560944', dest_path='', event_type='modified', is_directory=False, is_synthetic=False)
22:22:03 | DEBUG    | fsevents                            | Destination event for rename is NativeEvent(path="/Users/admin/Desktop/Pik2Video/src/pik2video/gui/__pycache__/overlays.cpython-312.pyc", inode=12848568, flags=10800, id=222327648)
22:22:03 | DEBUG    | fsevents                            | queue_event FileMovedEvent(src_path='/Users/admin/Desktop/Pik2Video/src/pik2video/gui/__pycache__/overlays.cpython-312.pyc.4704560944', dest_path='/Users/admin/Desktop/Pik2Video/src/pik2video/gui/__pycache__/overlays.cpython-312.pyc', event_type='moved', is_directory=False, is_synthetic=False)
22:22:03 | DEBUG    | fsevents                            | queue_event DirModifiedEvent(src_path='/Users/admin/Desktop/Pik2Video/src/pik2video/gui/__pycache__', dest_path='', event_type='modified', is_directory=True, is_synthetic=False)
22:22:03 | DEBUG    | fsevents                            | queue_event DirModifiedEvent(src_path='/Users/admin/Desktop/Pik2Video/src/pik2video/gui/__pycache__', dest_path='', event_type='modified', is_directory=True, is_synthetic=False)
22:22:03 | DEBUG    | fsevents                            | queue_event FileDeletedEvent(src_path='/Users/admin/Desktop/Pik2Video/src/pik2video/gui/__pycache__/overlays.cpython-312.pyc', dest_path='', event_type='deleted', is_directory=False, is_synthetic=False)
22:22:03 | DEBUG    | fsevents                            | queue_event DirModifiedEvent(src_path='/Users/admin/Desktop/Pik2Video/src/pik2video/gui/__pycache__', dest_path='', event_type='modified', is_directory=True, is_synthetic=False)
22:22:03 | INFO     | src.pik2video.application.controller | FFmpeg найден при старте
22:22:03 | DEBUG    | src.pik2video.gui.windows           | retranslate_ui вызван, язык: ru
22:22:04 | INFO     | src.pik2video.application.controller | Запрошен PREPARING_VIDEO
22:22:04 | INFO     | src.pik2video.application.controller | FFmpeg найден
22:22:04 | DEBUG    | src.pik2video.application.controller | Отправляем state_changed: AppState.PREPARING_VIDEO
22:22:04 | DEBUG    | src.pik2video.app                   | Состояние: AppState.PREPARING_VIDEO
22:22:04 | DEBUG    | src.pik2video.app                   | always_on_top=True, is_preparing=True, should=True, current=True, state=AppState.PREPARING_VIDEO
22:22:04 | DEBUG    | src.pik2video.app                   | Показываем видео сессию в MainWindow
22:22:04 | DEBUG    | src.pik2video.app                   | Overlay показан
22:22:04 | DEBUG    | src.pik2video.gui.overlays          | Область обновлена из пресета: PySide6.QtCore.QRect(0, 0, 1440, 900)
22:22:04 | DEBUG    | src.pik2video.app                   | Установлен начальный пресет: {'x1': 0, 'y1': 0, 'x2': 1440, 'y2': 900}
22:22:04 | DEBUG    | src.pik2video.app                   | Окно пресетов показано
22:22:11 | INFO     | src.pik2video.application.controller | Запрошен CANCEL_SESSION
22:22:11 | DEBUG    | src.pik2video.application.controller | Очистка runtime-данных
22:22:11 | DEBUG    | src.pik2video.application.controller | Отправляем state_changed: AppState.IDLE
22:22:11 | DEBUG    | src.pik2video.app                   | Состояние: AppState.IDLE
22:22:11 | DEBUG    | src.pik2video.app                   | always_on_top=True, is_preparing=False, should=True, current=True, state=AppState.IDLE
22:22:11 | DEBUG    | src.pik2video.gui.windows           | retranslate_ui вызван, язык: ru
22:22:23 | INFO     | src.pik2video.application.controller | Запрошен PREPARING_VIDEO
22:22:23 | INFO     | src.pik2video.application.controller | FFmpeg найден
22:22:23 | DEBUG    | src.pik2video.application.controller | Отправляем state_changed: AppState.PREPARING_VIDEO
22:22:23 | DEBUG    | src.pik2video.app                   | Состояние: AppState.PREPARING_VIDEO
22:22:23 | DEBUG    | src.pik2video.app                   | always_on_top=True, is_preparing=True, should=True, current=True, state=AppState.PREPARING_VIDEO
22:22:23 | DEBUG    | src.pik2video.app                   | Показываем видео сессию в MainWindow
22:22:23 | DEBUG    | src.pik2video.app                   | Overlay показан
22:22:23 | DEBUG    | src.pik2video.gui.overlays          | Область обновлена из пресета: PySide6.QtCore.QRect(0, 0, 1440, 900)
22:22:23 | DEBUG    | src.pik2video.app                   | Установлен начальный пресет: {'x1': 0, 'y1': 0, 'x2': 1440, 'y2': 900}
22:22:23 | DEBUG    | src.pik2video.app                   | Окно пресетов показано
22:22:25 | DEBUG    | src.pik2video.application.settings_model | Настройки сохранены в /Users/admin/.pik2video/settings.json
22:22:25 | INFO     | src.pik2video.application.controller | Настройки сохранены
22:22:32 | INFO     | src.pik2video.application.controller | Запрошен CANCEL_SESSION
22:22:32 | DEBUG    | src.pik2video.application.controller | Очистка runtime-данных
22:22:32 | DEBUG    | src.pik2video.application.controller | Отправляем state_changed: AppState.IDLE
22:22:32 | DEBUG    | src.pik2video.app                   | Состояние: AppState.IDLE
22:22:32 | DEBUG    | src.pik2video.app                   | always_on_top=True, is_preparing=False, should=True, current=True, state=AppState.IDLE
22:22:32 | DEBUG    | src.pik2video.gui.windows           | retranslate_ui вызван, язык: ru
22:22:34 | INFO     | src.pik2video.application.controller | Запрошен PREPARING_VIDEO
22:22:34 | INFO     | src.pik2video.application.controller | FFmpeg найден
22:22:34 | DEBUG    | src.pik2video.application.controller | Отправляем state_changed: AppState.PREPARING_VIDEO
22:22:34 | DEBUG    | src.pik2video.app                   | Состояние: AppState.PREPARING_VIDEO
22:22:34 | DEBUG    | src.pik2video.app                   | always_on_top=True, is_preparing=True, should=True, current=True, state=AppState.PREPARING_VIDEO
22:22:34 | DEBUG    | src.pik2video.app                   | Показываем видео сессию в MainWindow
22:22:34 | DEBUG    | src.pik2video.app                   | Overlay показан
22:22:34 | DEBUG    | src.pik2video.gui.overlays          | Область обновлена из пресета: PySide6.QtCore.QRect(0, 0, 1440, 900)
22:22:34 | DEBUG    | src.pik2video.app                   | Установлен начальный пресет: {'x1': 0, 'y1': 0, 'x2': 1440, 'y2': 900}
22:22:34 | DEBUG    | src.pik2video.app                   | Окно пресетов показано
22:22:46 | DEBUG    | src.pik2video.application.settings_model | Настройки сохранены в /Users/admin/.pik2video/settings.json
22:22:46 | INFO     | src.pik2video.application.controller | Настройки сохранены
22:23:11 | INFO     | src.pik2video.application.controller | Запрошен CANCEL_SESSION
22:23:11 | DEBUG    | src.pik2video.application.controller | Очистка runtime-данных
22:23:11 | DEBUG    | src.pik2video.application.controller | Отправляем state_changed: AppState.IDLE
22:23:11 | DEBUG    | src.pik2video.app                   | Состояние: AppState.IDLE
22:23:11 | DEBUG    | src.pik2video.app                   | always_on_top=True, is_preparing=False, should=True, current=True, state=AppState.IDLE
22:23:11 | DEBUG    | src.pik2video.gui.windows           | retranslate_ui вызван, язык: ru
22:23:13 | DEBUG    | src.pik2video.gui.windows           | AppSettingsDialog.__init__ - controller type: <class 'src.pik2video.application.controller.AppController'>
22:23:13 | DEBUG    | src.pik2video.gui.base              | SettingsDialog.__init__ - received controller type: <class 'src.pik2video.application.controller.AppController'>
22:23:13 | DEBUG    | src.pik2video.gui.base              | SettingsDialog.__init__ - after super, self.controller type: <class 'src.pik2video.application.controller.AppController'>
22:23:13 | DEBUG    | src.pik2video.gui.windows           | After SettingsDialog init - self.controller type: <class 'src.pik2video.application.controller.AppController'>
22:23:13 | DEBUG    | src.pik2video.gui.windows           | setup_localization - controller type: <class 'src.pik2video.application.controller.AppController'>
22:28:15 | INFO     | src.pik2video.application.controller | Запрошен PREPARING_VIDEO
22:28:15 | INFO     | src.pik2video.application.controller | FFmpeg найден
22:28:15 | DEBUG    | src.pik2video.application.controller | Отправляем state_changed: AppState.PREPARING_VIDEO
22:28:15 | DEBUG    | src.pik2video.app                   | Состояние: AppState.PREPARING_VIDEO
22:28:15 | DEBUG    | src.pik2video.app                   | always_on_top=True, is_preparing=True, should=True, current=True, state=AppState.PREPARING_VIDEO
22:28:15 | DEBUG    | src.pik2video.app                   | Показываем видео сессию в MainWindow
22:28:15 | DEBUG    | src.pik2video.app                   | Overlay показан
22:28:15 | DEBUG    | src.pik2video.gui.overlays          | Область обновлена из пресета: PySide6.QtCore.QRect(0, 0, 1440, 900)
22:28:15 | DEBUG    | src.pik2video.app                   | Установлен начальный пресет: {'x1': 0, 'y1': 0, 'x2': 1440, 'y2': 900}
22:28:15 | DEBUG    | src.pik2video.app                   | Окно пресетов показано
22:28:19 | INFO     | src.pik2video.application.controller | Запрошен CANCEL_SESSION
22:28:19 | DEBUG    | src.pik2video.application.controller | Очистка runtime-данных
22:28:19 | DEBUG    | src.pik2video.application.controller | Отправляем state_changed: AppState.IDLE
22:28:19 | DEBUG    | src.pik2video.app                   | Состояние: AppState.IDLE
22:28:19 | DEBUG    | src.pik2video.app                   | always_on_top=True, is_preparing=False, should=True, current=True, state=AppState.IDLE
22:28:19 | DEBUG    | src.pik2video.gui.windows           | retranslate_ui вызван, язык: ru
22:29:00 | DEBUG    | fsevents                            | NativeEvent(path="/Users/admin/Desktop/Pik2Video/src/pik2video/gui/overlays.py", inode=7381394, flags=11400, id=222332277): is_file, is_inode_meta_mod, is_modified
22:29:00 | DEBUG    | fsevents                            | queue_event FileModifiedEvent(src_path='/Users/admin/Desktop/Pik2Video/src/pik2video/gui/overlays.py', dest_path='', event_type='modified', is_directory=False, is_synthetic=False)
22:29:00 | INFO     | Pik2Video                           | ============================================================
22:29:00 | INFO     | Pik2Video                           | Логирование настроено
22:29:00 | INFO     | Pik2Video                           | Режим DEBUG: True
22:29:00 | INFO     | Pik2Video                           | Файл логов: /Users/admin/Desktop/Pik2Video/logs/pik2video_2026-05-22.log
22:29:00 | INFO     | Pik2Video                           | ============================================================
22:29:01 | DEBUG    | fsevents                            | NativeEvent(path="/Users/admin/Desktop/Pik2Video/src/pik2video/gui/__pycache__/overlays.cpython-312.pyc.4619773744", inode=12848842, flags=19900, id=222332310): is_coalesced, is_created, is_file, is_modified, is_renamed, is_xattr_mod
22:29:01 | DEBUG    | fsevents                            | NativeEvent(path="/Users/admin/Desktop/Pik2Video/src/pik2video/gui/__pycache__/overlays.cpython-312.pyc", inode=12848842, flags=10800, id=222332311): is_file, is_renamed
22:29:01 | DEBUG    | fsevents                            | NativeEvent(path="/Users/admin/Desktop/Pik2Video/src/pik2video/gui/__pycache__/overlays.cpython-312.pyc", inode=12848568, flags=10800, id=222332312): is_file, is_renamed
22:29:01 | DEBUG    | fsevents                            | queue_event FileCreatedEvent(src_path='/Users/admin/Desktop/Pik2Video/src/pik2video/gui/__pycache__/overlays.cpython-312.pyc.4619773744', dest_path='', event_type='created', is_directory=False, is_synthetic=False)
22:29:01 | DEBUG    | fsevents                            | queue_event DirModifiedEvent(src_path='/Users/admin/Desktop/Pik2Video/src/pik2video/gui/__pycache__', dest_path='', event_type='modified', is_directory=True, is_synthetic=False)
22:29:01 | DEBUG    | fsevents                            | queue_event FileModifiedEvent(src_path='/Users/admin/Desktop/Pik2Video/src/pik2video/gui/__pycache__/overlays.cpython-312.pyc.4619773744', dest_path='', event_type='modified', is_directory=False, is_synthetic=False)
22:29:01 | DEBUG    | src.pik2video.application.settings_model | Настройки загружены из /Users/admin/.pik2video/settings.json
22:29:01 | DEBUG    | fsevents                            | Destination event for rename is NativeEvent(path="/Users/admin/Desktop/Pik2Video/src/pik2video/gui/__pycache__/overlays.cpython-312.pyc", inode=12848842, flags=10800, id=222332311)
22:29:01 | DEBUG    | fsevents                            | queue_event FileMovedEvent(src_path='/Users/admin/Desktop/Pik2Video/src/pik2video/gui/__pycache__/overlays.cpython-312.pyc.4619773744', dest_path='/Users/admin/Desktop/Pik2Video/src/pik2video/gui/__pycache__/overlays.cpython-312.pyc', event_type='moved', is_directory=False, is_synthetic=False)
22:29:01 | DEBUG    | fsevents                            | queue_event DirModifiedEvent(src_path='/Users/admin/Desktop/Pik2Video/src/pik2video/gui/__pycache__', dest_path='', event_type='modified', is_directory=True, is_synthetic=False)
22:29:01 | DEBUG    | fsevents                            | queue_event DirModifiedEvent(src_path='/Users/admin/Desktop/Pik2Video/src/pik2video/gui/__pycache__', dest_path='', event_type='modified', is_directory=True, is_synthetic=False)
22:29:01 | DEBUG    | fsevents                            | queue_event FileDeletedEvent(src_path='/Users/admin/Desktop/Pik2Video/src/pik2video/gui/__pycache__/overlays.cpython-312.pyc', dest_path='', event_type='deleted', is_directory=False, is_synthetic=False)
22:29:01 | INFO     | src.pik2video.locale.translator     | Загружен язык: ru из /Users/admin/Desktop/Pik2Video/src/pik2video/locale/ru.json
22:29:01 | DEBUG    | fsevents                            | queue_event DirModifiedEvent(src_path='/Users/admin/Desktop/Pik2Video/src/pik2video/gui/__pycache__', dest_path='', event_type='modified', is_directory=True, is_synthetic=False)
22:29:01 | INFO     | src.pik2video.application.controller | FFmpeg найден при старте
22:29:01 | DEBUG    | src.pik2video.gui.windows           | retranslate_ui вызван, язык: ru
22:29:03 | INFO     | src.pik2video.application.controller | Запрошен PREPARING_VIDEO
22:29:03 | INFO     | src.pik2video.application.controller | FFmpeg найден
22:29:03 | DEBUG    | src.pik2video.application.controller | Отправляем state_changed: AppState.PREPARING_VIDEO
22:29:03 | DEBUG    | src.pik2video.app                   | Состояние: AppState.PREPARING_VIDEO
22:29:03 | DEBUG    | src.pik2video.app                   | always_on_top=True, is_preparing=True, should=True, current=True, state=AppState.PREPARING_VIDEO
22:29:03 | DEBUG    | src.pik2video.app                   | Показываем видео сессию в MainWindow
22:29:03 | DEBUG    | src.pik2video.app                   | Overlay показан
22:29:03 | DEBUG    | src.pik2video.gui.overlays          | Область обновлена из пресета: PySide6.QtCore.QRect(0, 0, 1440, 900)
22:29:03 | DEBUG    | src.pik2video.app                   | Установлен начальный пресет: {'x1': 0, 'y1': 0, 'x2': 1440, 'y2': 900}
22:29:03 | DEBUG    | src.pik2video.app                   | Окно пресетов показано
22:29:24 | INFO     | src.pik2video.application.controller | Запрошен CANCEL_SESSION
22:29:24 | DEBUG    | src.pik2video.application.controller | Очистка runtime-данных
22:29:24 | DEBUG    | src.pik2video.application.controller | Отправляем state_changed: AppState.IDLE
22:29:24 | DEBUG    | src.pik2video.app                   | Состояние: AppState.IDLE
22:29:24 | DEBUG    | src.pik2video.app                   | always_on_top=True, is_preparing=False, should=True, current=True, state=AppState.IDLE
22:29:24 | DEBUG    | src.pik2video.gui.windows           | retranslate_ui вызван, язык: ru
22:29:28 | INFO     | src.pik2video.application.controller | Запрошен PREPARING_VIDEO
22:29:28 | INFO     | src.pik2video.application.controller | FFmpeg найден
22:29:28 | DEBUG    | src.pik2video.application.controller | Отправляем state_changed: AppState.PREPARING_VIDEO
22:29:28 | DEBUG    | src.pik2video.app                   | Состояние: AppState.PREPARING_VIDEO
22:29:28 | DEBUG    | src.pik2video.app                   | always_on_top=True, is_preparing=True, should=True, current=True, state=AppState.PREPARING_VIDEO
22:29:28 | DEBUG    | src.pik2video.app                   | Показываем видео сессию в MainWindow
22:29:28 | DEBUG    | src.pik2video.app                   | Overlay показан
22:29:28 | DEBUG    | src.pik2video.gui.overlays          | Область обновлена из пресета: PySide6.QtCore.QRect(0, 0, 1440, 900)
22:29:28 | DEBUG    | src.pik2video.app                   | Установлен начальный пресет: {'x1': 0, 'y1': 0, 'x2': 1440, 'y2': 900}
22:29:28 | DEBUG    | src.pik2video.app                   | Окно пресетов показано
22:29:35 | INFO     | src.pik2video.application.controller | Запрошен CANCEL_SESSION
22:29:35 | DEBUG    | src.pik2video.application.controller | Очистка runtime-данных
22:29:35 | DEBUG    | src.pik2video.application.controller | Отправляем state_changed: AppState.IDLE
22:29:35 | DEBUG    | src.pik2video.app                   | Состояние: AppState.IDLE
22:29:35 | DEBUG    | src.pik2video.app                   | always_on_top=True, is_preparing=False, should=True, current=True, state=AppState.IDLE
22:29:35 | DEBUG    | src.pik2video.gui.windows           | retranslate_ui вызван, язык: ru
22:29:36 | DEBUG    | src.pik2video.gui.windows           | вызван closeEvent. Текущая сессия завершена
22:30:38 | INFO     | Pik2Video                           | ============================================================
22:30:38 | INFO     | Pik2Video                           | Логирование настроено
22:30:38 | INFO     | Pik2Video                           | Режим DEBUG: True
22:30:38 | INFO     | Pik2Video                           | Файл логов: /Users/admin/Desktop/Pik2Video/logs/pik2video_2026-05-22.log
22:30:38 | INFO     | Pik2Video                           | ============================================================
22:30:39 | DEBUG    | fsevents                            | NativeEvent(path="/Users/admin/Desktop/Pik2Video/src/pik2video/gui/__pycache__/overlays.cpython-312.pyc.4635830192", inode=12849043, flags=19900, id=222335225): is_coalesced, is_created, is_file, is_modified, is_renamed, is_xattr_mod
22:30:39 | DEBUG    | fsevents                            | NativeEvent(path="/Users/admin/Desktop/Pik2Video/src/pik2video/gui/__pycache__/overlays.cpython-312.pyc", inode=12849043, flags=10800, id=222335226): is_file, is_renamed
22:30:39 | DEBUG    | fsevents                            | NativeEvent(path="/Users/admin/Desktop/Pik2Video/src/pik2video/gui/__pycache__/overlays.cpython-312.pyc", inode=12848842, flags=10800, id=222335227): is_file, is_renamed
22:30:39 | DEBUG    | fsevents                            | queue_event FileCreatedEvent(src_path='/Users/admin/Desktop/Pik2Video/src/pik2video/gui/__pycache__/overlays.cpython-312.pyc.4635830192', dest_path='', event_type='created', is_directory=False, is_synthetic=False)
22:30:39 | DEBUG    | fsevents                            | queue_event DirModifiedEvent(src_path='/Users/admin/Desktop/Pik2Video/src/pik2video/gui/__pycache__', dest_path='', event_type='modified', is_directory=True, is_synthetic=False)
22:30:39 | DEBUG    | src.pik2video.application.settings_model | Настройки загружены из /Users/admin/.pik2video/settings.json
22:30:39 | DEBUG    | fsevents                            | queue_event FileModifiedEvent(src_path='/Users/admin/Desktop/Pik2Video/src/pik2video/gui/__pycache__/overlays.cpython-312.pyc.4635830192', dest_path='', event_type='modified', is_directory=False, is_synthetic=False)
22:30:39 | DEBUG    | fsevents                            | Destination event for rename is NativeEvent(path="/Users/admin/Desktop/Pik2Video/src/pik2video/gui/__pycache__/overlays.cpython-312.pyc", inode=12849043, flags=10800, id=222335226)
22:30:39 | DEBUG    | fsevents                            | queue_event FileMovedEvent(src_path='/Users/admin/Desktop/Pik2Video/src/pik2video/gui/__pycache__/overlays.cpython-312.pyc.4635830192', dest_path='/Users/admin/Desktop/Pik2Video/src/pik2video/gui/__pycache__/overlays.cpython-312.pyc', event_type='moved', is_directory=False, is_synthetic=False)
22:30:39 | DEBUG    | fsevents                            | queue_event DirModifiedEvent(src_path='/Users/admin/Desktop/Pik2Video/src/pik2video/gui/__pycache__', dest_path='', event_type='modified', is_directory=True, is_synthetic=False)
22:30:39 | DEBUG    | fsevents                            | queue_event DirModifiedEvent(src_path='/Users/admin/Desktop/Pik2Video/src/pik2video/gui/__pycache__', dest_path='', event_type='modified', is_directory=True, is_synthetic=False)
22:30:39 | INFO     | src.pik2video.locale.translator     | Загружен язык: ru из /Users/admin/Desktop/Pik2Video/src/pik2video/locale/ru.json
22:30:39 | DEBUG    | fsevents                            | queue_event FileDeletedEvent(src_path='/Users/admin/Desktop/Pik2Video/src/pik2video/gui/__pycache__/overlays.cpython-312.pyc', dest_path='', event_type='deleted', is_directory=False, is_synthetic=False)
22:30:39 | DEBUG    | fsevents                            | queue_event DirModifiedEvent(src_path='/Users/admin/Desktop/Pik2Video/src/pik2video/gui/__pycache__', dest_path='', event_type='modified', is_directory=True, is_synthetic=False)
22:30:39 | INFO     | src.pik2video.application.controller | FFmpeg найден при старте
22:30:39 | DEBUG    | src.pik2video.gui.windows           | retranslate_ui вызван, язык: ru
22:30:40 | INFO     | src.pik2video.application.controller | Запрошен PREPARING_VIDEO
22:30:40 | INFO     | src.pik2video.application.controller | FFmpeg найден
22:30:40 | DEBUG    | src.pik2video.application.controller | Отправляем state_changed: AppState.PREPARING_VIDEO
22:30:40 | DEBUG    | src.pik2video.app                   | Состояние: AppState.PREPARING_VIDEO
22:30:40 | DEBUG    | src.pik2video.app                   | always_on_top=True, is_preparing=True, should=True, current=True, state=AppState.PREPARING_VIDEO
22:30:40 | DEBUG    | src.pik2video.app                   | Показываем видео сессию в MainWindow
22:30:40 | DEBUG    | src.pik2video.app                   | Overlay показан
22:30:40 | DEBUG    | src.pik2video.gui.overlays          | Область обновлена из пресета: PySide6.QtCore.QRect(0, 0, 1440, 900)
22:30:40 | DEBUG    | src.pik2video.app                   | Установлен начальный пресет: {'x1': 0, 'y1': 0, 'x2': 1440, 'y2': 900}
22:30:40 | DEBUG    | src.pik2video.app                   | Окно пресетов показано
22:30:51 | INFO     | src.pik2video.application.controller | Запрошен CANCEL_SESSION
22:30:51 | DEBUG    | src.pik2video.application.controller | Очистка runtime-данных
22:30:51 | DEBUG    | src.pik2video.application.controller | Отправляем state_changed: AppState.IDLE
22:30:51 | DEBUG    | src.pik2video.app                   | Состояние: AppState.IDLE
22:30:51 | DEBUG    | src.pik2video.app                   | always_on_top=True, is_preparing=False, should=True, current=True, state=AppState.IDLE
22:30:51 | DEBUG    | src.pik2video.gui.windows           | retranslate_ui вызван, язык: ru
22:33:14 | INFO     | src.pik2video.application.controller | Запрошен PREPARING_VIDEO
22:33:14 | INFO     | src.pik2video.application.controller | FFmpeg найден
22:33:14 | DEBUG    | src.pik2video.application.controller | Отправляем state_changed: AppState.PREPARING_VIDEO
22:33:14 | DEBUG    | src.pik2video.app                   | Состояние: AppState.PREPARING_VIDEO
22:33:14 | DEBUG    | src.pik2video.app                   | always_on_top=True, is_preparing=True, should=True, current=True, state=AppState.PREPARING_VIDEO
22:33:14 | DEBUG    | src.pik2video.app                   | Показываем видео сессию в MainWindow
22:33:14 | DEBUG    | src.pik2video.app                   | Overlay показан
22:33:14 | DEBUG    | src.pik2video.gui.overlays          | Область обновлена из пресета: PySide6.QtCore.QRect(0, 0, 1440, 900)
22:33:14 | DEBUG    | src.pik2video.app                   | Установлен начальный пресет: {'x1': 0, 'y1': 0, 'x2': 1440, 'y2': 900}
22:33:14 | DEBUG    | src.pik2video.app                   | Окно пресетов показано
22:33:17 | DEBUG    | src.pik2video.gui.windows           | вызван closeEvent. Текущая сессия завершена
22:45:16 | INFO     | Pik2Video                           | ============================================================
22:45:16 | INFO     | Pik2Video                           | Логирование настроено
22:45:16 | INFO     | Pik2Video                           | Режим DEBUG: True
22:45:16 | INFO     | Pik2Video                           | Файл логов: /Users/admin/Desktop/Pik2Video/logs/pik2video_2026-05-22.log
22:45:16 | INFO     | Pik2Video                           | ============================================================
22:45:17 | DEBUG    | src.pik2video.application.settings_model | Настройки загружены из /Users/admin/.pik2video/settings.json
22:45:17 | INFO     | src.pik2video.locale.translator     | Загружен язык: ru из /Users/admin/Desktop/Pik2Video/src/pik2video/locale/ru.json
22:45:17 | INFO     | src.pik2video.application.controller | FFmpeg найден при старте
22:45:17 | DEBUG    | src.pik2video.gui.windows           | retranslate_ui вызван, язык: ru
22:45:20 | INFO     | src.pik2video.application.controller | Запрошен PREPARING_VIDEO
22:45:20 | INFO     | src.pik2video.application.controller | FFmpeg найден
22:45:20 | DEBUG    | src.pik2video.application.controller | Отправляем state_changed: AppState.PREPARING_VIDEO
22:45:20 | DEBUG    | src.pik2video.app                   | Состояние: AppState.PREPARING_VIDEO
22:45:20 | DEBUG    | src.pik2video.app                   | always_on_top=True, is_preparing=True, should=True, current=True, state=AppState.PREPARING_VIDEO
22:45:20 | DEBUG    | src.pik2video.app                   | Показываем видео сессию в MainWindow
22:45:20 | DEBUG    | src.pik2video.app                   | Overlay показан
22:45:20 | DEBUG    | src.pik2video.gui.overlays          | Область обновлена из пресета: PySide6.QtCore.QRect(0, 0, 1440, 900)
22:45:20 | DEBUG    | src.pik2video.app                   | Установлен начальный пресет: {'x1': 0, 'y1': 0, 'x2': 1440, 'y2': 900}
22:45:20 | DEBUG    | src.pik2video.app                   | Окно пресетов показано
22:45:33 | INFO     | src.pik2video.application.controller | Запрошен CANCEL_SESSION
22:45:33 | DEBUG    | src.pik2video.application.controller | Очистка runtime-данных
22:45:33 | DEBUG    | src.pik2video.application.controller | Отправляем state_changed: AppState.IDLE
22:45:33 | DEBUG    | src.pik2video.app                   | Состояние: AppState.IDLE
22:45:33 | DEBUG    | src.pik2video.app                   | always_on_top=True, is_preparing=False, should=True, current=True, state=AppState.IDLE
22:45:33 | DEBUG    | src.pik2video.gui.windows           | retranslate_ui вызван, язык: ru
22:46:11 | INFO     | src.pik2video.application.controller | Запрошен PREPARING_VIDEO
22:46:11 | INFO     | src.pik2video.application.controller | FFmpeg найден
22:46:11 | DEBUG    | src.pik2video.application.controller | Отправляем state_changed: AppState.PREPARING_VIDEO
22:46:11 | DEBUG    | src.pik2video.app                   | Состояние: AppState.PREPARING_VIDEO
22:46:11 | DEBUG    | src.pik2video.app                   | always_on_top=True, is_preparing=True, should=True, current=True, state=AppState.PREPARING_VIDEO
22:46:11 | DEBUG    | src.pik2video.app                   | Показываем видео сессию в MainWindow
22:46:11 | DEBUG    | src.pik2video.app                   | Overlay показан
22:46:11 | DEBUG    | src.pik2video.gui.overlays          | Область обновлена из пресета: PySide6.QtCore.QRect(0, 0, 1440, 900)
22:46:11 | DEBUG    | src.pik2video.app                   | Установлен начальный пресет: {'x1': 0, 'y1': 0, 'x2': 1440, 'y2': 900}
22:46:11 | DEBUG    | src.pik2video.app                   | Окно пресетов показано
22:46:12 | INFO     | src.pik2video.application.controller | Запрошен CANCEL_SESSION
22:46:12 | DEBUG    | src.pik2video.application.controller | Очистка runtime-данных
22:46:12 | DEBUG    | src.pik2video.application.controller | Отправляем state_changed: AppState.IDLE
22:46:12 | DEBUG    | src.pik2video.app                   | Состояние: AppState.IDLE
22:46:12 | DEBUG    | src.pik2video.app                   | always_on_top=True, is_preparing=False, should=True, current=True, state=AppState.IDLE
22:46:12 | DEBUG    | src.pik2video.gui.windows           | retranslate_ui вызван, язык: ru
22:46:14 | INFO     | src.pik2video.application.controller | Запрошен PREPARING_VIDEO
22:46:14 | INFO     | src.pik2video.application.controller | FFmpeg найден
22:46:14 | DEBUG    | src.pik2video.application.controller | Отправляем state_changed: AppState.PREPARING_VIDEO
22:46:14 | DEBUG    | src.pik2video.app                   | Состояние: AppState.PREPARING_VIDEO
22:46:14 | DEBUG    | src.pik2video.app                   | always_on_top=True, is_preparing=True, should=True, current=True, state=AppState.PREPARING_VIDEO
22:46:14 | DEBUG    | src.pik2video.app                   | Показываем видео сессию в MainWindow
22:46:14 | DEBUG    | src.pik2video.app                   | Overlay показан
22:46:14 | DEBUG    | src.pik2video.gui.overlays          | Область обновлена из пресета: PySide6.QtCore.QRect(0, 0, 1440, 900)
22:46:14 | DEBUG    | src.pik2video.app                   | Установлен начальный пресет: {'x1': 0, 'y1': 0, 'x2': 1440, 'y2': 900}
22:46:14 | DEBUG    | src.pik2video.app                   | Окно пресетов показано
22:46:15 | INFO     | src.pik2video.application.controller | Запрошен CANCEL_SESSION
22:46:15 | DEBUG    | src.pik2video.application.controller | Очистка runtime-данных
22:46:15 | DEBUG    | src.pik2video.application.controller | Отправляем state_changed: AppState.IDLE
22:46:15 | DEBUG    | src.pik2video.app                   | Состояние: AppState.IDLE
22:46:15 | DEBUG    | src.pik2video.app                   | always_on_top=True, is_preparing=False, should=True, current=True, state=AppState.IDLE
22:46:15 | DEBUG    | src.pik2video.gui.windows           | retranslate_ui вызван, язык: ru
22:46:16 | INFO     | src.pik2video.application.controller | Запрошен PREPARING_VIDEO
22:46:16 | INFO     | src.pik2video.application.controller | FFmpeg найден
22:46:16 | DEBUG    | src.pik2video.application.controller | Отправляем state_changed: AppState.PREPARING_VIDEO
22:46:16 | DEBUG    | src.pik2video.app                   | Состояние: AppState.PREPARING_VIDEO
22:46:16 | DEBUG    | src.pik2video.app                   | always_on_top=True, is_preparing=True, should=True, current=True, state=AppState.PREPARING_VIDEO
22:46:16 | DEBUG    | src.pik2video.app                   | Показываем видео сессию в MainWindow
22:46:16 | DEBUG    | src.pik2video.app                   | Overlay показан
22:46:16 | DEBUG    | src.pik2video.gui.overlays          | Область обновлена из пресета: PySide6.QtCore.QRect(0, 0, 1440, 900)
22:46:16 | DEBUG    | src.pik2video.app                   | Установлен начальный пресет: {'x1': 0, 'y1': 0, 'x2': 1440, 'y2': 900}
22:46:16 | DEBUG    | src.pik2video.app                   | Окно пресетов показано
22:46:17 | INFO     | src.pik2video.application.controller | Запрошен CANCEL_SESSION
22:46:17 | DEBUG    | src.pik2video.application.controller | Очистка runtime-данных
22:46:17 | DEBUG    | src.pik2video.application.controller | Отправляем state_changed: AppState.IDLE
22:46:17 | DEBUG    | src.pik2video.app                   | Состояние: AppState.IDLE
22:46:17 | DEBUG    | src.pik2video.app                   | always_on_top=True, is_preparing=False, should=True, current=True, state=AppState.IDLE
22:46:17 | DEBUG    | src.pik2video.gui.windows           | retranslate_ui вызван, язык: ru
22:46:18 | DEBUG    | src.pik2video.gui.windows           | AppSettingsDialog.__init__ - controller type: <class 'src.pik2video.application.controller.AppController'>
22:46:18 | DEBUG    | src.pik2video.gui.base              | SettingsDialog.__init__ - received controller type: <class 'src.pik2video.application.controller.AppController'>
22:46:18 | DEBUG    | src.pik2video.gui.base              | SettingsDialog.__init__ - after super, self.controller type: <class 'src.pik2video.application.controller.AppController'>
22:46:18 | DEBUG    | src.pik2video.gui.windows           | After SettingsDialog init - self.controller type: <class 'src.pik2video.application.controller.AppController'>
22:46:18 | DEBUG    | src.pik2video.gui.windows           | setup_localization - controller type: <class 'src.pik2video.application.controller.AppController'>
22:46:23 | DEBUG    | src.pik2video.gui.windows           | old_lang: Русский, new_lang: Русский
22:46:23 | DEBUG    | src.pik2video.application.controller | Язык установлен: Русский
22:46:23 | DEBUG    | src.pik2video.application.controller | Подсказки: True
22:46:23 | DEBUG    | src.pik2video.application.controller | Всегда в топе: False
22:46:23 | DEBUG    | src.pik2video.app                   | Состояние: AppState.IDLE
22:46:23 | DEBUG    | src.pik2video.app                   | always_on_top=False, is_preparing=False, should=False, current=True, state=AppState.IDLE
22:46:23 | DEBUG    | src.pik2video.gui.windows           | retranslate_ui вызван, язык: ru
22:46:23 | DEBUG    | src.pik2video.application.settings_model | Настройки сохранены в /Users/admin/.pik2video/settings.json
22:46:23 | INFO     | src.pik2video.application.controller | Настройки сохранены
22:46:23 | DEBUG    | src.pik2video.gui.windows           | Язык не изменился
22:46:25 | INFO     | src.pik2video.application.controller | Запрошен PREPARING_VIDEO
22:46:25 | INFO     | src.pik2video.application.controller | FFmpeg найден
22:46:25 | DEBUG    | src.pik2video.application.controller | Отправляем state_changed: AppState.PREPARING_VIDEO
22:46:25 | DEBUG    | src.pik2video.app                   | Состояние: AppState.PREPARING_VIDEO
22:46:25 | DEBUG    | src.pik2video.app                   | always_on_top=False, is_preparing=True, should=True, current=False, state=AppState.PREPARING_VIDEO
22:46:25 | DEBUG    | src.pik2video.app                   | Показываем видео сессию в MainWindow
22:46:25 | DEBUG    | src.pik2video.app                   | Overlay показан
22:46:25 | DEBUG    | src.pik2video.gui.overlays          | Область обновлена из пресета: PySide6.QtCore.QRect(0, 0, 1440, 900)
22:46:25 | DEBUG    | src.pik2video.app                   | Установлен начальный пресет: {'x1': 0, 'y1': 0, 'x2': 1440, 'y2': 900}
22:46:25 | DEBUG    | src.pik2video.app                   | Окно пресетов показано
22:46:29 | INFO     | src.pik2video.application.controller | Запрошен CANCEL_SESSION
22:46:29 | DEBUG    | src.pik2video.application.controller | Очистка runtime-данных
22:46:29 | DEBUG    | src.pik2video.application.controller | Отправляем state_changed: AppState.IDLE
22:46:29 | DEBUG    | src.pik2video.app                   | Состояние: AppState.IDLE
22:46:29 | DEBUG    | src.pik2video.app                   | always_on_top=False, is_preparing=False, should=False, current=True, state=AppState.IDLE
22:46:29 | DEBUG    | src.pik2video.gui.windows           | retranslate_ui вызван, язык: ru
22:46:33 | INFO     | src.pik2video.application.controller | Запрошен PREPARING_VIDEO
22:46:33 | INFO     | src.pik2video.application.controller | FFmpeg найден
22:46:33 | DEBUG    | src.pik2video.application.controller | Отправляем state_changed: AppState.PREPARING_VIDEO
22:46:33 | DEBUG    | src.pik2video.app                   | Состояние: AppState.PREPARING_VIDEO
22:46:33 | DEBUG    | src.pik2video.app                   | always_on_top=False, is_preparing=True, should=True, current=False, state=AppState.PREPARING_VIDEO
22:46:33 | DEBUG    | src.pik2video.app                   | Показываем видео сессию в MainWindow
22:46:33 | DEBUG    | src.pik2video.app                   | Overlay показан
22:46:33 | DEBUG    | src.pik2video.gui.overlays          | Область обновлена из пресета: PySide6.QtCore.QRect(0, 0, 1440, 900)
22:46:33 | DEBUG    | src.pik2video.app                   | Установлен начальный пресет: {'x1': 0, 'y1': 0, 'x2': 1440, 'y2': 900}
22:46:33 | DEBUG    | src.pik2video.app                   | Окно пресетов показано
22:46:47 | INFO     | src.pik2video.application.controller | Запрошен CANCEL_SESSION
22:46:47 | DEBUG    | src.pik2video.application.controller | Очистка runtime-данных
22:46:47 | DEBUG    | src.pik2video.application.controller | Отправляем state_changed: AppState.IDLE
22:46:47 | DEBUG    | src.pik2video.app                   | Состояние: AppState.IDLE
22:46:47 | DEBUG    | src.pik2video.app                   | always_on_top=False, is_preparing=False, should=False, current=True, state=AppState.IDLE
22:46:47 | DEBUG    | src.pik2video.gui.windows           | retranslate_ui вызван, язык: ru
22:51:55 | DEBUG    | src.pik2video.gui.windows           | old_lang: Русский, new_lang: Русский
22:51:55 | DEBUG    | src.pik2video.application.controller | Язык установлен: Русский
22:51:55 | DEBUG    | src.pik2video.application.controller | Подсказки: True
22:51:55 | DEBUG    | src.pik2video.application.controller | Всегда в топе: True
22:51:55 | DEBUG    | src.pik2video.app                   | Состояние: AppState.IDLE
22:51:55 | DEBUG    | src.pik2video.app                   | always_on_top=True, is_preparing=False, should=True, current=False, state=AppState.IDLE
22:51:55 | DEBUG    | src.pik2video.gui.windows           | retranslate_ui вызван, язык: ru
22:51:55 | DEBUG    | src.pik2video.application.settings_model | Настройки сохранены в /Users/admin/.pik2video/settings.json
22:51:55 | INFO     | src.pik2video.application.controller | Настройки сохранены
22:51:55 | DEBUG    | src.pik2video.gui.windows           | Язык не изменился
22:52:21 | DEBUG    | src.pik2video.gui.windows           | old_lang: Русский, new_lang: Русский
22:52:21 | DEBUG    | src.pik2video.application.controller | Язык установлен: Русский
22:52:21 | DEBUG    | src.pik2video.application.controller | Подсказки: True
22:52:21 | DEBUG    | src.pik2video.application.controller | Всегда в топе: False
22:52:21 | DEBUG    | src.pik2video.app                   | Состояние: AppState.IDLE
22:52:21 | DEBUG    | src.pik2video.app                   | always_on_top=False, is_preparing=False, should=False, current=True, state=AppState.IDLE
22:52:21 | DEBUG    | src.pik2video.gui.windows           | retranslate_ui вызван, язык: ru
22:52:21 | DEBUG    | src.pik2video.application.settings_model | Настройки сохранены в /Users/admin/.pik2video/settings.json
22:52:21 | INFO     | src.pik2video.application.controller | Настройки сохранены
22:52:21 | DEBUG    | src.pik2video.gui.windows           | Язык не изменился
22:52:30 | DEBUG    | src.pik2video.gui.windows           | вызван closeEvent. Текущая сессия завершена
22:52:34 | INFO     | Pik2Video                           | ============================================================
22:52:34 | INFO     | Pik2Video                           | Логирование настроено
22:52:34 | INFO     | Pik2Video                           | Режим DEBUG: True
22:52:34 | INFO     | Pik2Video                           | Файл логов: /Users/admin/Desktop/Pik2Video/logs/pik2video_2026-05-22.log
22:52:34 | INFO     | Pik2Video                           | ============================================================
22:52:34 | DEBUG    | src.pik2video.application.settings_model | Настройки загружены из /Users/admin/.pik2video/settings.json
22:52:34 | INFO     | src.pik2video.locale.translator     | Загружен язык: ru из /Users/admin/Desktop/Pik2Video/src/pik2video/locale/ru.json
22:52:34 | INFO     | src.pik2video.application.controller | FFmpeg найден при старте
22:52:34 | DEBUG    | src.pik2video.gui.windows           | retranslate_ui вызван, язык: ru
22:52:50 | INFO     | src.pik2video.application.controller | Запрошен PREPARING_VIDEO
22:52:50 | INFO     | src.pik2video.application.controller | FFmpeg найден
22:52:50 | DEBUG    | src.pik2video.application.controller | Отправляем state_changed: AppState.PREPARING_VIDEO
22:52:50 | DEBUG    | src.pik2video.app                   | Состояние: AppState.PREPARING_VIDEO
22:52:50 | DEBUG    | src.pik2video.app                   | always_on_top=False, is_preparing=True, should=True, current=False, state=AppState.PREPARING_VIDEO
22:52:50 | DEBUG    | src.pik2video.app                   | Показываем видео сессию в MainWindow
22:52:50 | DEBUG    | src.pik2video.app                   | Overlay показан
22:52:50 | DEBUG    | src.pik2video.gui.overlays          | Область обновлена из пресета: PySide6.QtCore.QRect(0, 0, 1440, 900)
22:52:50 | DEBUG    | src.pik2video.app                   | Установлен начальный пресет: {'x1': 0, 'y1': 0, 'x2': 1440, 'y2': 900}
22:52:50 | DEBUG    | src.pik2video.app                   | Окно пресетов показано
22:52:53 | DEBUG    | src.pik2video.app                   | Выбран пресет с координатами: {'x1': 0, 'x2': 1440, 'y1': 0, 'y2': 900}
22:52:53 | DEBUG    | src.pik2video.application.controller | Регион установлен: {'left': 0, 'top': 0, 'width': 1440, 'height': 900}
22:52:53 | DEBUG    | src.pik2video.gui.overlays          | Область обновлена из пресета: PySide6.QtCore.QRect(0, 0, 1440, 900)
22:52:53 | DEBUG    | src.pik2video.app                   | Область обновлена на overlay
22:52:58 | DEBUG    | src.pik2video.app                   | Выбран пресет с координатами: {'x1': -240, 'x2': 1680, 'y1': -90, 'y2': 990}
22:52:58 | DEBUG    | src.pik2video.application.controller | Регион установлен: {'left': -240, 'top': -90, 'width': 1920, 'height': 1080}
22:52:58 | DEBUG    | src.pik2video.gui.overlays          | Область обновлена из пресета: PySide6.QtCore.QRect(-240, -90, 1920, 1080)
22:52:58 | DEBUG    | src.pik2video.app                   | Область обновлена на overlay
22:52:58 | DEBUG    | src.pik2video.app                   | Выбран пресет с координатами: {'x1': 180, 'x2': 1260, 'y1': -225, 'y2': 1125}
22:52:58 | DEBUG    | src.pik2video.application.controller | Регион установлен: {'left': 180, 'top': -225, 'width': 1080, 'height': 1350}
22:52:58 | DEBUG    | src.pik2video.gui.overlays          | Область обновлена из пресета: PySide6.QtCore.QRect(180, -225, 1080, 1350)
22:52:58 | DEBUG    | src.pik2video.app                   | Область обновлена на overlay
22:53:05 | INFO     | src.pik2video.application.controller | Запрошен CANCEL_SESSION
22:53:05 | DEBUG    | src.pik2video.application.controller | Очистка runtime-данных
22:53:05 | DEBUG    | src.pik2video.application.controller | Отправляем state_changed: AppState.IDLE
22:53:05 | DEBUG    | src.pik2video.app                   | Состояние: AppState.IDLE
22:53:05 | DEBUG    | src.pik2video.app                   | always_on_top=False, is_preparing=False, should=False, current=True, state=AppState.IDLE
22:53:05 | DEBUG    | src.pik2video.gui.windows           | retranslate_ui вызван, язык: ru
22:54:09 | INFO     | src.pik2video.application.controller | Запрошен PREPARING_VIDEO
22:54:09 | INFO     | src.pik2video.application.controller | FFmpeg найден
22:54:09 | DEBUG    | src.pik2video.application.controller | Отправляем state_changed: AppState.PREPARING_VIDEO
22:54:09 | DEBUG    | src.pik2video.app                   | Состояние: AppState.PREPARING_VIDEO
22:54:09 | DEBUG    | src.pik2video.app                   | always_on_top=False, is_preparing=True, should=True, current=False, state=AppState.PREPARING_VIDEO
22:54:09 | DEBUG    | src.pik2video.app                   | Показываем видео сессию в MainWindow
22:54:09 | DEBUG    | src.pik2video.app                   | Overlay показан
22:54:09 | DEBUG    | src.pik2video.gui.overlays          | Область обновлена из пресета: PySide6.QtCore.QRect(0, 0, 1440, 900)
22:54:09 | DEBUG    | src.pik2video.app                   | Установлен начальный пресет: {'x1': 0, 'y1': 0, 'x2': 1440, 'y2': 900}
22:54:09 | DEBUG    | src.pik2video.app                   | Окно пресетов показано
22:54:19 | DEBUG    | src.pik2video.app                   | Получены координаты: {'x1': 58, 'x2': 1022, 'y1': 64, 'y2': 422}
22:54:19 | DEBUG    | src.pik2video.application.controller | Регион установлен: {'left': 58, 'top': 64, 'width': 964, 'height': 358}
22:54:19 | DEBUG    | src.pik2video.app                   | Координаты переданы в контроллер
22:54:29 | INFO     | src.pik2video.application.controller | Запрошен CANCEL_SESSION
22:54:29 | DEBUG    | src.pik2video.application.controller | Очистка runtime-данных
22:54:29 | DEBUG    | src.pik2video.application.controller | Отправляем state_changed: AppState.IDLE
22:54:29 | DEBUG    | src.pik2video.app                   | Состояние: AppState.IDLE
22:54:29 | DEBUG    | src.pik2video.app                   | always_on_top=False, is_preparing=False, should=False, current=True, state=AppState.IDLE
22:54:29 | DEBUG    | src.pik2video.gui.windows           | retranslate_ui вызван, язык: ru
22:54:33 | INFO     | src.pik2video.application.controller | Запрошен PREPARING_VIDEO
22:54:33 | INFO     | src.pik2video.application.controller | FFmpeg найден
22:54:33 | DEBUG    | src.pik2video.application.controller | Отправляем state_changed: AppState.PREPARING_VIDEO
22:54:33 | DEBUG    | src.pik2video.app                   | Состояние: AppState.PREPARING_VIDEO
22:54:33 | DEBUG    | src.pik2video.app                   | always_on_top=False, is_preparing=True, should=True, current=False, state=AppState.PREPARING_VIDEO
22:54:33 | DEBUG    | src.pik2video.app                   | Показываем видео сессию в MainWindow
22:54:33 | DEBUG    | src.pik2video.app                   | Overlay показан
22:54:33 | DEBUG    | src.pik2video.gui.overlays          | Область обновлена из пресета: PySide6.QtCore.QRect(0, 0, 1440, 900)
22:54:33 | DEBUG    | src.pik2video.app                   | Установлен начальный пресет: {'x1': 0, 'y1': 0, 'x2': 1440, 'y2': 900}
22:54:33 | DEBUG    | src.pik2video.app                   | Окно пресетов показано
22:54:40 | INFO     | src.pik2video.application.controller | Запрошен CANCEL_SESSION
22:54:40 | DEBUG    | src.pik2video.application.controller | Очистка runtime-данных
22:54:40 | DEBUG    | src.pik2video.application.controller | Отправляем state_changed: AppState.IDLE
22:54:40 | DEBUG    | src.pik2video.app                   | Состояние: AppState.IDLE
22:54:40 | DEBUG    | src.pik2video.app                   | always_on_top=False, is_preparing=False, should=False, current=True, state=AppState.IDLE
22:54:40 | DEBUG    | src.pik2video.gui.windows           | retranslate_ui вызван, язык: ru
22:54:54 | INFO     | src.pik2video.application.controller | Запрошен PREPARING_VIDEO
22:54:54 | INFO     | src.pik2video.application.controller | FFmpeg найден
22:54:54 | DEBUG    | src.pik2video.application.controller | Отправляем state_changed: AppState.PREPARING_VIDEO
22:54:54 | DEBUG    | src.pik2video.app                   | Состояние: AppState.PREPARING_VIDEO
22:54:54 | DEBUG    | src.pik2video.app                   | always_on_top=False, is_preparing=True, should=True, current=False, state=AppState.PREPARING_VIDEO
22:54:54 | DEBUG    | src.pik2video.app                   | Показываем видео сессию в MainWindow
22:54:54 | DEBUG    | src.pik2video.app                   | Overlay показан
22:54:54 | DEBUG    | src.pik2video.gui.overlays          | Область обновлена из пресета: PySide6.QtCore.QRect(0, 0, 1440, 900)
22:54:54 | DEBUG    | src.pik2video.app                   | Установлен начальный пресет: {'x1': 0, 'y1': 0, 'x2': 1440, 'y2': 900}
22:54:54 | DEBUG    | src.pik2video.app                   | Окно пресетов показано
22:54:57 | DEBUG    | src.pik2video.app                   | Получены координаты: {'x1': 62, 'x2': 1154, 'y1': 64, 'y2': 655}
22:54:57 | DEBUG    | src.pik2video.application.controller | Регион установлен: {'left': 62, 'top': 64, 'width': 1092, 'height': 591}
22:54:57 | DEBUG    | src.pik2video.app                   | Координаты переданы в контроллер
22:54:58 | DEBUG    | src.pik2video.app                   | Выбран пресет с координатами: {'x1': 0, 'x2': 1440, 'y1': 0, 'y2': 900}
22:54:58 | DEBUG    | src.pik2video.application.controller | Регион установлен: {'left': 0, 'top': 0, 'width': 1440, 'height': 900}
22:54:58 | DEBUG    | src.pik2video.gui.overlays          | Область обновлена из пресета: PySide6.QtCore.QRect(0, 0, 1440, 900)
22:54:58 | DEBUG    | src.pik2video.app                   | Область обновлена на overlay
22:55:00 | DEBUG    | src.pik2video.app                   | Выбран пресет с координатами: {'x1': 525, 'x2': 915, 'y1': 28, 'y2': 872}
22:55:00 | DEBUG    | src.pik2video.application.controller | Регион установлен: {'left': 525, 'top': 28, 'width': 390, 'height': 844}
22:55:00 | DEBUG    | src.pik2video.gui.overlays          | Область обновлена из пресета: PySide6.QtCore.QRect(525, 28, 390, 844)
22:55:00 | DEBUG    | src.pik2video.app                   | Область обновлена на overlay
22:55:01 | DEBUG    | src.pik2video.app                   | Выбран пресет с координатами: {'x1': -240, 'x2': 1680, 'y1': -90, 'y2': 990}
22:55:01 | DEBUG    | src.pik2video.application.controller | Регион установлен: {'left': -240, 'top': -90, 'width': 1920, 'height': 1080}
22:55:01 | DEBUG    | src.pik2video.gui.overlays          | Область обновлена из пресета: PySide6.QtCore.QRect(-240, -90, 1920, 1080)
22:55:01 | DEBUG    | src.pik2video.app                   | Область обновлена на overlay
22:55:08 | DEBUG    | src.pik2video.app                   | Выбран пресет с координатами: {'x1': 525, 'x2': 915, 'y1': 28, 'y2': 872}
22:55:08 | DEBUG    | src.pik2video.application.controller | Регион установлен: {'left': 525, 'top': 28, 'width': 390, 'height': 844}
22:55:08 | DEBUG    | src.pik2video.gui.overlays          | Область обновлена из пресета: PySide6.QtCore.QRect(525, 28, 390, 844)
22:55:08 | DEBUG    | src.pik2video.app                   | Область обновлена на overlay
22:55:11 | DEBUG    | src.pik2video.app                   | Выбран пресет с координатами: {'x1': -240, 'x2': 1680, 'y1': -90, 'y2': 990}
22:55:11 | DEBUG    | src.pik2video.application.controller | Регион установлен: {'left': -240, 'top': -90, 'width': 1920, 'height': 1080}
22:55:11 | DEBUG    | src.pik2video.gui.overlays          | Область обновлена из пресета: PySide6.QtCore.QRect(-240, -90, 1920, 1080)
22:55:11 | DEBUG    | src.pik2video.app                   | Область обновлена на overlay
22:55:20 | DEBUG    | src.pik2video.app                   | Выбран пресет с координатами: {'x1': 180, 'x2': 1260, 'y1': -510, 'y2': 1410}
22:55:20 | DEBUG    | src.pik2video.application.controller | Регион установлен: {'left': 180, 'top': -510, 'width': 1080, 'height': 1920}
22:55:20 | DEBUG    | src.pik2video.gui.overlays          | Область обновлена из пресета: PySide6.QtCore.QRect(180, -510, 1080, 1920)
22:55:20 | DEBUG    | src.pik2video.app                   | Область обновлена на overlay
22:55:22 | DEBUG    | src.pik2video.app                   | Выбран пресет с координатами: {'x1': -80, 'x2': 1520, 'y1': -150, 'y2': 1050}
22:55:22 | DEBUG    | src.pik2video.application.controller | Регион установлен: {'left': -80, 'top': -150, 'width': 1600, 'height': 1200}
22:55:22 | DEBUG    | src.pik2video.gui.overlays          | Область обновлена из пресета: PySide6.QtCore.QRect(-80, -150, 1600, 1200)
22:55:22 | DEBUG    | src.pik2video.app                   | Область обновлена на overlay
22:55:23 | DEBUG    | src.pik2video.app                   | Выбран пресет с координатами: {'x1': 180, 'x2': 1260, 'y1': -510, 'y2': 1410}
22:55:23 | DEBUG    | src.pik2video.application.controller | Регион установлен: {'left': 180, 'top': -510, 'width': 1080, 'height': 1920}
22:55:23 | DEBUG    | src.pik2video.gui.overlays          | Область обновлена из пресета: PySide6.QtCore.QRect(180, -510, 1080, 1920)
22:55:23 | DEBUG    | src.pik2video.app                   | Область обновлена на overlay
22:55:31 | DEBUG    | src.pik2video.application.settings_model | Настройки сохранены в /Users/admin/.pik2video/settings.json
22:55:31 | INFO     | src.pik2video.application.controller | Настройки сохранены
22:55:33 | DEBUG    | src.pik2video.application.settings_model | Настройки сохранены в /Users/admin/.pik2video/settings.json
22:55:33 | INFO     | src.pik2video.application.controller | Настройки сохранены
22:55:39 | INFO     | src.pik2video.application.controller | Запрошен CANCEL_SESSION
22:55:39 | DEBUG    | src.pik2video.application.controller | Очистка runtime-данных
22:55:39 | DEBUG    | src.pik2video.application.controller | Отправляем state_changed: AppState.IDLE
22:55:39 | DEBUG    | src.pik2video.app                   | Состояние: AppState.IDLE
22:55:39 | DEBUG    | src.pik2video.app                   | always_on_top=False, is_preparing=False, should=False, current=True, state=AppState.IDLE
22:55:39 | DEBUG    | src.pik2video.gui.windows           | retranslate_ui вызван, язык: ru
22:59:39 | DEBUG    | fsevents                            | NativeEvent(path="/Users/admin/Desktop/Pik2Video/src/pik2video/gui/overlays.py", inode=7381394, flags=11400, id=222351060): is_file, is_inode_meta_mod, is_modified
22:59:39 | DEBUG    | fsevents                            | queue_event FileModifiedEvent(src_path='/Users/admin/Desktop/Pik2Video/src/pik2video/gui/overlays.py', dest_path='', event_type='modified', is_directory=False, is_synthetic=False)
22:59:39 | INFO     | Pik2Video                           | ============================================================
22:59:39 | INFO     | Pik2Video                           | Логирование настроено
22:59:39 | INFO     | Pik2Video                           | Режим DEBUG: True
22:59:39 | INFO     | Pik2Video                           | Файл логов: /Users/admin/Desktop/Pik2Video/logs/pik2video_2026-05-22.log
22:59:39 | INFO     | Pik2Video                           | ============================================================
22:59:39 | DEBUG    | fsevents                            | NativeEvent(path="/Users/admin/Desktop/Pik2Video/src/pik2video/gui/__pycache__/overlays.cpython-312.pyc.4655212336", inode=12849874, flags=19900, id=222351114): is_coalesced, is_created, is_file, is_modified, is_renamed, is_xattr_mod
22:59:39 | DEBUG    | fsevents                            | NativeEvent(path="/Users/admin/Desktop/Pik2Video/src/pik2video/gui/__pycache__/overlays.cpython-312.pyc", inode=12849874, flags=10800, id=222351115): is_file, is_renamed
22:59:39 | DEBUG    | fsevents                            | NativeEvent(path="/Users/admin/Desktop/Pik2Video/src/pik2video/gui/__pycache__/overlays.cpython-312.pyc", inode=12849043, flags=10800, id=222351116): is_file, is_renamed
22:59:39 | DEBUG    | fsevents                            | queue_event FileCreatedEvent(src_path='/Users/admin/Desktop/Pik2Video/src/pik2video/gui/__pycache__/overlays.cpython-312.pyc.4655212336', dest_path='', event_type='created', is_directory=False, is_synthetic=False)
22:59:39 | DEBUG    | fsevents                            | queue_event DirModifiedEvent(src_path='/Users/admin/Desktop/Pik2Video/src/pik2video/gui/__pycache__', dest_path='', event_type='modified', is_directory=True, is_synthetic=False)
22:59:39 | DEBUG    | fsevents                            | queue_event FileModifiedEvent(src_path='/Users/admin/Desktop/Pik2Video/src/pik2video/gui/__pycache__/overlays.cpython-312.pyc.4655212336', dest_path='', event_type='modified', is_directory=False, is_synthetic=False)
22:59:39 | DEBUG    | src.pik2video.application.settings_model | Настройки загружены из /Users/admin/.pik2video/settings.json
22:59:39 | DEBUG    | fsevents                            | Destination event for rename is NativeEvent(path="/Users/admin/Desktop/Pik2Video/src/pik2video/gui/__pycache__/overlays.cpython-312.pyc", inode=12849874, flags=10800, id=222351115)
22:59:39 | DEBUG    | fsevents                            | queue_event FileMovedEvent(src_path='/Users/admin/Desktop/Pik2Video/src/pik2video/gui/__pycache__/overlays.cpython-312.pyc.4655212336', dest_path='/Users/admin/Desktop/Pik2Video/src/pik2video/gui/__pycache__/overlays.cpython-312.pyc', event_type='moved', is_directory=False, is_synthetic=False)
22:59:39 | DEBUG    | fsevents                            | queue_event DirModifiedEvent(src_path='/Users/admin/Desktop/Pik2Video/src/pik2video/gui/__pycache__', dest_path='', event_type='modified', is_directory=True, is_synthetic=False)
22:59:39 | DEBUG    | fsevents                            | queue_event DirModifiedEvent(src_path='/Users/admin/Desktop/Pik2Video/src/pik2video/gui/__pycache__', dest_path='', event_type='modified', is_directory=True, is_synthetic=False)
22:59:39 | DEBUG    | fsevents                            | queue_event FileDeletedEvent(src_path='/Users/admin/Desktop/Pik2Video/src/pik2video/gui/__pycache__/overlays.cpython-312.pyc', dest_path='', event_type='deleted', is_directory=False, is_synthetic=False)
22:59:39 | INFO     | src.pik2video.locale.translator     | Загружен язык: ru из /Users/admin/Desktop/Pik2Video/src/pik2video/locale/ru.json
22:59:39 | DEBUG    | fsevents                            | queue_event DirModifiedEvent(src_path='/Users/admin/Desktop/Pik2Video/src/pik2video/gui/__pycache__', dest_path='', event_type='modified', is_directory=True, is_synthetic=False)
22:59:39 | INFO     | src.pik2video.application.controller | FFmpeg найден при старте
22:59:39 | DEBUG    | src.pik2video.gui.windows           | retranslate_ui вызван, язык: ru
23:02:20 | DEBUG    | fsevents                            | NativeEvent(path="/Users/admin/Desktop/Pik2Video/src/pik2video/gui/overlays.py", inode=7381394, flags=11400, id=222356760): is_file, is_inode_meta_mod, is_modified
23:02:20 | DEBUG    | fsevents                            | queue_event FileModifiedEvent(src_path='/Users/admin/Desktop/Pik2Video/src/pik2video/gui/overlays.py', dest_path='', event_type='modified', is_directory=False, is_synthetic=False)
23:02:21 | INFO     | Pik2Video                           | ============================================================
23:02:21 | INFO     | Pik2Video                           | Логирование настроено
23:02:21 | INFO     | Pik2Video                           | Режим DEBUG: True
23:02:21 | INFO     | Pik2Video                           | Файл логов: /Users/admin/Desktop/Pik2Video/logs/pik2video_2026-05-22.log
23:02:21 | INFO     | Pik2Video                           | ============================================================
23:02:21 | DEBUG    | fsevents                            | NativeEvent(path="/Users/admin/Desktop/Pik2Video/src/pik2video/gui/__pycache__/overlays.cpython-312.pyc.4664420144", inode=12850246, flags=19900, id=222356800): is_coalesced, is_created, is_file, is_modified, is_renamed, is_xattr_mod
23:02:21 | DEBUG    | fsevents                            | NativeEvent(path="/Users/admin/Desktop/Pik2Video/src/pik2video/gui/__pycache__/overlays.cpython-312.pyc", inode=12850246, flags=10800, id=222356801): is_file, is_renamed
23:02:21 | DEBUG    | fsevents                            | NativeEvent(path="/Users/admin/Desktop/Pik2Video/src/pik2video/gui/__pycache__/overlays.cpython-312.pyc", inode=12849874, flags=10800, id=222356802): is_file, is_renamed
23:02:21 | DEBUG    | fsevents                            | queue_event FileCreatedEvent(src_path='/Users/admin/Desktop/Pik2Video/src/pik2video/gui/__pycache__/overlays.cpython-312.pyc.4664420144', dest_path='', event_type='created', is_directory=False, is_synthetic=False)
23:02:21 | DEBUG    | fsevents                            | queue_event DirModifiedEvent(src_path='/Users/admin/Desktop/Pik2Video/src/pik2video/gui/__pycache__', dest_path='', event_type='modified', is_directory=True, is_synthetic=False)
23:02:21 | DEBUG    | fsevents                            | queue_event FileModifiedEvent(src_path='/Users/admin/Desktop/Pik2Video/src/pik2video/gui/__pycache__/overlays.cpython-312.pyc.4664420144', dest_path='', event_type='modified', is_directory=False, is_synthetic=False)
23:02:21 | DEBUG    | src.pik2video.application.settings_model | Настройки загружены из /Users/admin/.pik2video/settings.json
23:02:21 | DEBUG    | fsevents                            | Destination event for rename is NativeEvent(path="/Users/admin/Desktop/Pik2Video/src/pik2video/gui/__pycache__/overlays.cpython-312.pyc", inode=12850246, flags=10800, id=222356801)
23:02:21 | DEBUG    | fsevents                            | queue_event FileMovedEvent(src_path='/Users/admin/Desktop/Pik2Video/src/pik2video/gui/__pycache__/overlays.cpython-312.pyc.4664420144', dest_path='/Users/admin/Desktop/Pik2Video/src/pik2video/gui/__pycache__/overlays.cpython-312.pyc', event_type='moved', is_directory=False, is_synthetic=False)
23:02:21 | DEBUG    | fsevents                            | queue_event DirModifiedEvent(src_path='/Users/admin/Desktop/Pik2Video/src/pik2video/gui/__pycache__', dest_path='', event_type='modified', is_directory=True, is_synthetic=False)
23:02:21 | DEBUG    | fsevents                            | queue_event DirModifiedEvent(src_path='/Users/admin/Desktop/Pik2Video/src/pik2video/gui/__pycache__', dest_path='', event_type='modified', is_directory=True, is_synthetic=False)
23:02:21 | DEBUG    | fsevents                            | queue_event FileDeletedEvent(src_path='/Users/admin/Desktop/Pik2Video/src/pik2video/gui/__pycache__/overlays.cpython-312.pyc', dest_path='', event_type='deleted', is_directory=False, is_synthetic=False)
23:02:21 | DEBUG    | fsevents                            | queue_event DirModifiedEvent(src_path='/Users/admin/Desktop/Pik2Video/src/pik2video/gui/__pycache__', dest_path='', event_type='modified', is_directory=True, is_synthetic=False)
23:02:21 | INFO     | src.pik2video.locale.translator     | Загружен язык: ru из /Users/admin/Desktop/Pik2Video/src/pik2video/locale/ru.json
23:02:21 | INFO     | src.pik2video.application.controller | FFmpeg найден при старте
23:02:21 | DEBUG    | src.pik2video.gui.windows           | retranslate_ui вызван, язык: ru
23:02:22 | INFO     | src.pik2video.application.controller | Запрошен PREPARING_VIDEO
23:02:22 | INFO     | src.pik2video.application.controller | FFmpeg найден
23:02:22 | DEBUG    | src.pik2video.application.controller | Отправляем state_changed: AppState.PREPARING_VIDEO
23:02:22 | DEBUG    | src.pik2video.app                   | Состояние: AppState.PREPARING_VIDEO
23:02:22 | DEBUG    | src.pik2video.app                   | always_on_top=False, is_preparing=True, should=True, current=False, state=AppState.PREPARING_VIDEO
23:02:22 | DEBUG    | src.pik2video.app                   | Показываем видео сессию в MainWindow
23:02:22 | DEBUG    | src.pik2video.app                   | Overlay показан
23:02:22 | DEBUG    | src.pik2video.gui.overlays          | Область обновлена из пресета: PySide6.QtCore.QRect(0, 0, 1440, 900)
23:02:22 | DEBUG    | src.pik2video.app                   | Установлен начальный пресет: {'x1': 0, 'y1': 0, 'x2': 1440, 'y2': 900}
23:02:22 | DEBUG    | src.pik2video.app                   | Окно пресетов показано
23:02:27 | INFO     | src.pik2video.application.controller | Запрошен CANCEL_SESSION
23:02:27 | DEBUG    | src.pik2video.application.controller | Очистка runtime-данных
23:02:27 | DEBUG    | src.pik2video.application.controller | Отправляем state_changed: AppState.IDLE
23:02:27 | DEBUG    | src.pik2video.app                   | Состояние: AppState.IDLE
23:02:27 | DEBUG    | src.pik2video.app                   | always_on_top=False, is_preparing=False, should=False, current=True, state=AppState.IDLE
23:02:27 | DEBUG    | src.pik2video.gui.windows           | retranslate_ui вызван, язык: ru
23:06:13 | DEBUG    | fsevents                            | NativeEvent(path="/Users/admin/Desktop/Pik2Video/src/pik2video/app.py", inode=4948456, flags=11400, id=222360470): is_file, is_inode_meta_mod, is_modified
23:06:13 | DEBUG    | fsevents                            | queue_event FileModifiedEvent(src_path='/Users/admin/Desktop/Pik2Video/src/pik2video/app.py', dest_path='', event_type='modified', is_directory=False, is_synthetic=False)
23:06:13 | INFO     | Pik2Video                           | ============================================================
23:06:13 | INFO     | Pik2Video                           | Логирование настроено
23:06:13 | INFO     | Pik2Video                           | Режим DEBUG: True
23:06:13 | INFO     | Pik2Video                           | Файл логов: /Users/admin/Desktop/Pik2Video/logs/pik2video_2026-05-22.log
23:06:13 | INFO     | Pik2Video                           | ============================================================
23:06:13 | DEBUG    | fsevents                            | NativeEvent(path="/Users/admin/Desktop/Pik2Video/src/pik2video/__pycache__/app.cpython-312.pyc", inode=12850437, flags=18000, id=222360524): is_file, is_xattr_mod
23:06:13 | DEBUG    | fsevents                            | queue_event FileModifiedEvent(src_path='/Users/admin/Desktop/Pik2Video/src/pik2video/__pycache__/app.cpython-312.pyc', dest_path='', event_type='modified', is_directory=False, is_synthetic=False)
23:06:13 | INFO     | Pik2Video                           | ============================================================
23:06:13 | INFO     | Pik2Video                           | Логирование настроено
23:06:13 | INFO     | Pik2Video                           | Режим DEBUG: True
23:06:13 | INFO     | Pik2Video                           | Файл логов: /Users/admin/Desktop/Pik2Video/logs/pik2video_2026-05-22.log
23:06:13 | INFO     | Pik2Video                           | ============================================================
23:06:13 | DEBUG    | src.pik2video.application.settings_model | Настройки загружены из /Users/admin/.pik2video/settings.json
23:06:13 | INFO     | src.pik2video.locale.translator     | Загружен язык: ru из /Users/admin/Desktop/Pik2Video/src/pik2video/locale/ru.json
23:06:13 | INFO     | src.pik2video.application.controller | FFmpeg найден при старте
23:06:13 | DEBUG    | src.pik2video.gui.windows           | retranslate_ui вызван, язык: ru
23:06:15 | INFO     | src.pik2video.application.controller | Запрошен PREPARING_VIDEO
23:06:15 | INFO     | src.pik2video.application.controller | FFmpeg найден
23:06:15 | DEBUG    | src.pik2video.application.controller | Отправляем state_changed: AppState.PREPARING_VIDEO
23:06:15 | DEBUG    | src.pik2video.app                   | Состояние: AppState.PREPARING_VIDEO
23:06:15 | DEBUG    | src.pik2video.app                   | always_on_top=False, is_preparing=True, should=True, current=False, state=AppState.PREPARING_VIDEO
23:06:16 | DEBUG    | src.pik2video.app                   | Показываем видео сессию в MainWindow
23:06:16 | DEBUG    | src.pik2video.app                   | Overlay показан
23:06:16 | DEBUG    | src.pik2video.app                   | Окно пресетов показано
23:06:27 | DEBUG    | src.pik2video.app                   | Получены координаты: {'x1': 47, 'x2': 1309, 'y1': 52, 'y2': 669}
23:06:27 | DEBUG    | src.pik2video.application.controller | Регион установлен: {'left': 47, 'top': 52, 'width': 1262, 'height': 617}
23:06:27 | DEBUG    | src.pik2video.app                   | Координаты переданы в контроллер
23:06:38 | DEBUG    | src.pik2video.app                   | Получены координаты: {'x1': 47, 'x2': 1285, 'y1': 47, 'y2': 656}
23:06:38 | DEBUG    | src.pik2video.application.controller | Регион установлен: {'left': 47, 'top': 47, 'width': 1238, 'height': 609}
23:06:38 | DEBUG    | src.pik2video.app                   | Координаты переданы в контроллер
23:06:40 | INFO     | src.pik2video.application.controller | Запрошен CANCEL_SESSION
23:06:40 | DEBUG    | src.pik2video.application.controller | Очистка runtime-данных
23:06:40 | DEBUG    | src.pik2video.application.controller | Отправляем state_changed: AppState.IDLE
23:06:40 | DEBUG    | src.pik2video.app                   | Состояние: AppState.IDLE
23:06:40 | DEBUG    | src.pik2video.app                   | always_on_top=False, is_preparing=False, should=False, current=True, state=AppState.IDLE
23:06:40 | DEBUG    | src.pik2video.gui.windows           | retranslate_ui вызван, язык: ru
23:06:41 | INFO     | src.pik2video.application.controller | Запрошен PREPARING_VIDEO
23:06:41 | INFO     | src.pik2video.application.controller | FFmpeg найден
23:06:41 | DEBUG    | src.pik2video.application.controller | Отправляем state_changed: AppState.PREPARING_VIDEO
23:06:41 | DEBUG    | src.pik2video.app                   | Состояние: AppState.PREPARING_VIDEO
23:06:41 | DEBUG    | src.pik2video.app                   | always_on_top=False, is_preparing=True, should=True, current=False, state=AppState.PREPARING_VIDEO
23:06:41 | DEBUG    | src.pik2video.app                   | Показываем видео сессию в MainWindow
23:06:41 | DEBUG    | src.pik2video.app                   | Overlay показан
23:06:41 | DEBUG    | src.pik2video.app                   | Окно пресетов показано
23:06:47 | DEBUG    | src.pik2video.app                   | Получены координаты: {'x1': 50, 'x2': 1183, 'y1': 71, 'y2': 674}
23:06:47 | DEBUG    | src.pik2video.application.controller | Регион установлен: {'left': 50, 'top': 71, 'width': 1133, 'height': 603}
23:06:47 | DEBUG    | src.pik2video.app                   | Координаты переданы в контроллер
23:06:53 | INFO     | src.pik2video.application.controller | Запрошен CANCEL_SESSION
23:06:53 | DEBUG    | src.pik2video.application.controller | Очистка runtime-данных
23:06:53 | DEBUG    | src.pik2video.application.controller | Отправляем state_changed: AppState.IDLE
23:06:53 | DEBUG    | src.pik2video.app                   | Состояние: AppState.IDLE
23:06:53 | DEBUG    | src.pik2video.app                   | always_on_top=False, is_preparing=False, should=False, current=True, state=AppState.IDLE
23:06:53 | DEBUG    | src.pik2video.gui.windows           | retranslate_ui вызван, язык: ru
23:06:54 | INFO     | src.pik2video.application.controller | Запрошен PREPARING_VIDEO
23:06:54 | INFO     | src.pik2video.application.controller | FFmpeg найден
23:06:54 | DEBUG    | src.pik2video.application.controller | Отправляем state_changed: AppState.PREPARING_VIDEO
23:06:54 | DEBUG    | src.pik2video.app                   | Состояние: AppState.PREPARING_VIDEO
23:06:54 | DEBUG    | src.pik2video.app                   | always_on_top=False, is_preparing=True, should=True, current=False, state=AppState.PREPARING_VIDEO
23:06:54 | DEBUG    | src.pik2video.app                   | Показываем видео сессию в MainWindow
23:06:54 | DEBUG    | src.pik2video.app                   | Overlay показан
23:06:54 | DEBUG    | src.pik2video.app                   | Окно пресетов показано
23:06:59 | DEBUG    | src.pik2video.app                   | Получены координаты: {'x1': 66, 'x2': 1244, 'y1': 106, 'y2': 644}
23:06:59 | DEBUG    | src.pik2video.application.controller | Регион установлен: {'left': 66, 'top': 106, 'width': 1178, 'height': 538}
23:06:59 | DEBUG    | src.pik2video.app                   | Координаты переданы в контроллер
23:07:05 | INFO     | src.pik2video.application.controller | Запрошен CANCEL_SESSION
23:07:05 | DEBUG    | src.pik2video.application.controller | Очистка runtime-данных
23:07:05 | DEBUG    | src.pik2video.application.controller | Отправляем state_changed: AppState.IDLE
23:07:05 | DEBUG    | src.pik2video.app                   | Состояние: AppState.IDLE
23:07:05 | DEBUG    | src.pik2video.app                   | always_on_top=False, is_preparing=False, should=False, current=True, state=AppState.IDLE
23:07:05 | DEBUG    | src.pik2video.gui.windows           | retranslate_ui вызван, язык: ru
23:07:22 | INFO     | src.pik2video.application.controller | Запрошен PREPARING_VIDEO
23:07:22 | INFO     | src.pik2video.application.controller | FFmpeg найден
23:07:22 | DEBUG    | src.pik2video.application.controller | Отправляем state_changed: AppState.PREPARING_VIDEO
23:07:22 | DEBUG    | src.pik2video.app                   | Состояние: AppState.PREPARING_VIDEO
23:07:22 | DEBUG    | src.pik2video.app                   | always_on_top=False, is_preparing=True, should=True, current=False, state=AppState.PREPARING_VIDEO
23:07:22 | DEBUG    | src.pik2video.app                   | Показываем видео сессию в MainWindow
23:07:22 | DEBUG    | src.pik2video.app                   | Overlay показан
23:07:22 | DEBUG    | src.pik2video.app                   | Окно пресетов показано
23:07:23 | DEBUG    | src.pik2video.app                   | Выбран пресет с координатами: {'x1': 0, 'x2': 1440, 'y1': 0, 'y2': 900}
23:07:23 | DEBUG    | src.pik2video.application.controller | Регион установлен: {'left': 0, 'top': 0, 'width': 1440, 'height': 900}
23:07:23 | DEBUG    | src.pik2video.gui.overlays          | Область обновлена из пресета: PySide6.QtCore.QRect(0, 0, 1440, 900)
23:07:23 | DEBUG    | src.pik2video.app                   | Область обновлена на overlay
23:07:24 | DEBUG    | src.pik2video.app                   | Выбран пресет с координатами: {'x1': 525, 'x2': 915, 'y1': 28, 'y2': 872}
23:07:24 | DEBUG    | src.pik2video.application.controller | Регион установлен: {'left': 525, 'top': 28, 'width': 390, 'height': 844}
23:07:24 | DEBUG    | src.pik2video.gui.overlays          | Область обновлена из пресета: PySide6.QtCore.QRect(525, 28, 390, 844)
23:07:24 | DEBUG    | src.pik2video.app                   | Область обновлена на overlay
23:07:27 | DEBUG    | src.pik2video.app                   | Выбран пресет с координатами: {'x1': -240, 'x2': 1680, 'y1': -90, 'y2': 990}
23:07:27 | DEBUG    | src.pik2video.application.controller | Регион установлен: {'left': -240, 'top': -90, 'width': 1920, 'height': 1080}
23:07:27 | DEBUG    | src.pik2video.gui.overlays          | Область обновлена из пресета: PySide6.QtCore.QRect(-240, -90, 1920, 1080)
23:07:27 | DEBUG    | src.pik2video.app                   | Область обновлена на overlay
23:07:29 | DEBUG    | src.pik2video.app                   | Выбран пресет с координатами: {'x1': 180, 'x2': 1260, 'y1': -225, 'y2': 1125}
23:07:29 | DEBUG    | src.pik2video.application.controller | Регион установлен: {'left': 180, 'top': -225, 'width': 1080, 'height': 1350}
23:07:29 | DEBUG    | src.pik2video.gui.overlays          | Область обновлена из пресета: PySide6.QtCore.QRect(180, -225, 1080, 1350)
23:07:29 | DEBUG    | src.pik2video.app                   | Область обновлена на overlay
23:07:31 | DEBUG    | src.pik2video.app                   | Выбран пресет с координатами: {'x1': -80, 'x2': 1520, 'y1': -150, 'y2': 1050}
23:07:31 | DEBUG    | src.pik2video.application.controller | Регион установлен: {'left': -80, 'top': -150, 'width': 1600, 'height': 1200}
23:07:31 | DEBUG    | src.pik2video.gui.overlays          | Область обновлена из пресета: PySide6.QtCore.QRect(-80, -150, 1600, 1200)
23:07:31 | DEBUG    | src.pik2video.app                   | Область обновлена на overlay
23:07:33 | DEBUG    | src.pik2video.app                   | Выбран пресет с координатами: {'x1': -240, 'x2': 1680, 'y1': -150, 'y2': 1050}
23:07:33 | DEBUG    | src.pik2video.application.controller | Регион установлен: {'left': -240, 'top': -150, 'width': 1920, 'height': 1200}
23:07:33 | DEBUG    | src.pik2video.gui.overlays          | Область обновлена из пресета: PySide6.QtCore.QRect(-240, -150, 1920, 1200)
23:07:33 | DEBUG    | src.pik2video.app                   | Область обновлена на overlay
23:07:34 | DEBUG    | src.pik2video.app                   | Выбран пресет с координатами: {'x1': -80, 'x2': 1520, 'y1': -150, 'y2': 1050}
23:07:34 | DEBUG    | src.pik2video.application.controller | Регион установлен: {'left': -80, 'top': -150, 'width': 1600, 'height': 1200}
23:07:34 | DEBUG    | src.pik2video.gui.overlays          | Область обновлена из пресета: PySide6.QtCore.QRect(-80, -150, 1600, 1200)
23:07:34 | DEBUG    | src.pik2video.app                   | Область обновлена на overlay
23:07:35 | DEBUG    | src.pik2video.app                   | Выбран пресет с координатами: {'x1': 180, 'x2': 1260, 'y1': -510, 'y2': 1410}
23:07:35 | DEBUG    | src.pik2video.application.controller | Регион установлен: {'left': 180, 'top': -510, 'width': 1080, 'height': 1920}
23:07:35 | DEBUG    | src.pik2video.gui.overlays          | Область обновлена из пресета: PySide6.QtCore.QRect(180, -510, 1080, 1920)
23:07:35 | DEBUG    | src.pik2video.app                   | Область обновлена на overlay
23:07:37 | DEBUG    | src.pik2video.app                   | Выбран пресет с координатами: {'x1': 180, 'x2': 1260, 'y1': -225, 'y2': 1125}
23:07:37 | DEBUG    | src.pik2video.application.controller | Регион установлен: {'left': 180, 'top': -225, 'width': 1080, 'height': 1350}
23:07:37 | DEBUG    | src.pik2video.gui.overlays          | Область обновлена из пресета: PySide6.QtCore.QRect(180, -225, 1080, 1350)
23:07:37 | DEBUG    | src.pik2video.app                   | Область обновлена на overlay
23:07:38 | DEBUG    | src.pik2video.app                   | Выбран пресет с координатами: {'x1': 180, 'x2': 1260, 'y1': -510, 'y2': 1410}
23:07:38 | DEBUG    | src.pik2video.application.controller | Регион установлен: {'left': 180, 'top': -510, 'width': 1080, 'height': 1920}
23:07:38 | DEBUG    | src.pik2video.gui.overlays          | Область обновлена из пресета: PySide6.QtCore.QRect(180, -510, 1080, 1920)
23:07:38 | DEBUG    | src.pik2video.app                   | Область обновлена на overlay
23:07:40 | DEBUG    | src.pik2video.app                   | Выбран пресет с координатами: {'x1': 180, 'x2': 1260, 'y1': -510, 'y2': 1410}
23:07:40 | DEBUG    | src.pik2video.application.controller | Регион установлен: {'left': 180, 'top': -510, 'width': 1080, 'height': 1920}
23:07:40 | DEBUG    | src.pik2video.gui.overlays          | Область обновлена из пресета: PySide6.QtCore.QRect(180, -510, 1080, 1920)
23:07:40 | DEBUG    | src.pik2video.app                   | Область обновлена на overlay
23:07:43 | DEBUG    | src.pik2video.app                   | Выбран пресет с координатами: {'x1': 180, 'x2': 1260, 'y1': -225, 'y2': 1125}
23:07:43 | DEBUG    | src.pik2video.application.controller | Регион установлен: {'left': 180, 'top': -225, 'width': 1080, 'height': 1350}
23:07:43 | DEBUG    | src.pik2video.gui.overlays          | Область обновлена из пресета: PySide6.QtCore.QRect(180, -225, 1080, 1350)
23:07:43 | DEBUG    | src.pik2video.app                   | Область обновлена на overlay
23:07:44 | DEBUG    | src.pik2video.app                   | Выбран пресет с координатами: {'x1': -240, 'x2': 1680, 'y1': -90, 'y2': 990}
23:07:44 | DEBUG    | src.pik2video.application.controller | Регион установлен: {'left': -240, 'top': -90, 'width': 1920, 'height': 1080}
23:07:44 | DEBUG    | src.pik2video.gui.overlays          | Область обновлена из пресета: PySide6.QtCore.QRect(-240, -90, 1920, 1080)
23:07:44 | DEBUG    | src.pik2video.app                   | Область обновлена на overlay
23:07:45 | DEBUG    | src.pik2video.app                   | Выбран пресет с координатами: {'x1': 525, 'x2': 915, 'y1': 28, 'y2': 872}
23:07:45 | DEBUG    | src.pik2video.application.controller | Регион установлен: {'left': 525, 'top': 28, 'width': 390, 'height': 844}
23:07:45 | DEBUG    | src.pik2video.gui.overlays          | Область обновлена из пресета: PySide6.QtCore.QRect(525, 28, 390, 844)
23:07:45 | DEBUG    | src.pik2video.app                   | Область обновлена на overlay
23:07:46 | DEBUG    | src.pik2video.app                   | Выбран пресет с координатами: {'x1': 0, 'x2': 1440, 'y1': 0, 'y2': 900}
23:07:46 | DEBUG    | src.pik2video.application.controller | Регион установлен: {'left': 0, 'top': 0, 'width': 1440, 'height': 900}
23:07:46 | DEBUG    | src.pik2video.gui.overlays          | Область обновлена из пресета: PySide6.QtCore.QRect(0, 0, 1440, 900)
23:07:46 | DEBUG    | src.pik2video.app                   | Область обновлена на overlay
23:07:56 | DEBUG    | src.pik2video.application.settings_model | Настройки сохранены в /Users/admin/.pik2video/settings.json
23:07:56 | INFO     | src.pik2video.application.controller | Настройки сохранены
23:08:15 | DEBUG    | src.pik2video.application.settings_model | Настройки сохранены в /Users/admin/.pik2video/settings.json
23:08:15 | INFO     | src.pik2video.application.controller | Настройки сохранены
23:08:38 | DEBUG    | src.pik2video.app                   | Выбран пресет с координатами: {'x1': -80, 'x2': 1520, 'y1': -150, 'y2': 1050}
23:08:38 | DEBUG    | src.pik2video.application.controller | Регион установлен: {'left': -80, 'top': -150, 'width': 1600, 'height': 1200}
23:08:38 | DEBUG    | src.pik2video.gui.overlays          | Область обновлена из пресета: PySide6.QtCore.QRect(-80, -150, 1600, 1200)
23:08:38 | DEBUG    | src.pik2video.app                   | Область обновлена на overlay
23:08:39 | DEBUG    | src.pik2video.app                   | Выбран пресет с координатами: {'x1': 180, 'x2': 1260, 'y1': -225, 'y2': 1125}
23:08:39 | DEBUG    | src.pik2video.application.controller | Регион установлен: {'left': 180, 'top': -225, 'width': 1080, 'height': 1350}
23:08:39 | DEBUG    | src.pik2video.gui.overlays          | Область обновлена из пресета: PySide6.QtCore.QRect(180, -225, 1080, 1350)
23:08:39 | DEBUG    | src.pik2video.app                   | Область обновлена на overlay
23:08:41 | DEBUG    | src.pik2video.application.settings_model | Настройки сохранены в /Users/admin/.pik2video/settings.json
23:08:41 | INFO     | src.pik2video.application.controller | Настройки сохранены
23:08:58 | INFO     | src.pik2video.application.controller | Запрошен CANCEL_SESSION
23:08:58 | DEBUG    | src.pik2video.application.controller | Очистка runtime-данных
23:08:58 | DEBUG    | src.pik2video.application.controller | Отправляем state_changed: AppState.IDLE
23:08:58 | DEBUG    | src.pik2video.app                   | Состояние: AppState.IDLE
23:08:58 | DEBUG    | src.pik2video.app                   | always_on_top=False, is_preparing=False, should=False, current=True, state=AppState.IDLE
23:08:58 | DEBUG    | src.pik2video.gui.windows           | retranslate_ui вызван, язык: ru
23:08:59 | INFO     | src.pik2video.application.controller | Запрошен PREPARING_VIDEO
23:08:59 | INFO     | src.pik2video.application.controller | FFmpeg найден
23:08:59 | DEBUG    | src.pik2video.application.controller | Отправляем state_changed: AppState.PREPARING_VIDEO
23:08:59 | DEBUG    | src.pik2video.app                   | Состояние: AppState.PREPARING_VIDEO
23:08:59 | DEBUG    | src.pik2video.app                   | always_on_top=False, is_preparing=True, should=True, current=False, state=AppState.PREPARING_VIDEO
23:08:59 | DEBUG    | src.pik2video.app                   | Показываем видео сессию в MainWindow
23:08:59 | DEBUG    | src.pik2video.app                   | Overlay показан
23:08:59 | DEBUG    | src.pik2video.app                   | Окно пресетов показано
23:09:05 | INFO     | src.pik2video.application.controller | Запрошен CANCEL_SESSION
23:09:05 | DEBUG    | src.pik2video.application.controller | Очистка runtime-данных
23:09:05 | DEBUG    | src.pik2video.application.controller | Отправляем state_changed: AppState.IDLE
23:09:05 | DEBUG    | src.pik2video.app                   | Состояние: AppState.IDLE
23:09:05 | DEBUG    | src.pik2video.app                   | always_on_top=False, is_preparing=False, should=False, current=True, state=AppState.IDLE
23:09:05 | DEBUG    | src.pik2video.gui.windows           | retranslate_ui вызван, язык: ru
23:11:05 | INFO     | src.pik2video.application.controller | Запрошен PREPARING_VIDEO
23:11:05 | INFO     | src.pik2video.application.controller | FFmpeg найден
23:11:05 | DEBUG    | src.pik2video.application.controller | Отправляем state_changed: AppState.PREPARING_VIDEO
23:11:05 | DEBUG    | src.pik2video.app                   | Состояние: AppState.PREPARING_VIDEO
23:11:05 | DEBUG    | src.pik2video.app                   | always_on_top=False, is_preparing=True, should=True, current=False, state=AppState.PREPARING_VIDEO
23:11:05 | DEBUG    | src.pik2video.app                   | Показываем видео сессию в MainWindow
23:11:05 | DEBUG    | src.pik2video.app                   | Overlay показан
23:11:05 | DEBUG    | src.pik2video.app                   | Окно пресетов показано
23:11:08 | DEBUG    | src.pik2video.application.settings_model | Настройки сохранены в /Users/admin/.pik2video/settings.json
23:11:08 | INFO     | src.pik2video.application.controller | Настройки сохранены
23:11:11 | DEBUG    | src.pik2video.application.settings_model | Настройки сохранены в /Users/admin/.pik2video/settings.json
23:11:11 | INFO     | src.pik2video.application.controller | Настройки сохранены
23:11:17 | DEBUG    | src.pik2video.application.settings_model | Настройки сохранены в /Users/admin/.pik2video/settings.json
23:11:17 | INFO     | src.pik2video.application.controller | Настройки сохранены
23:11:28 | DEBUG    | src.pik2video.app                   | Получены координаты: {'x1': 79, 'x2': 1197, 'y1': 135, 'y2': 648}
23:11:28 | DEBUG    | src.pik2video.application.controller | Регион установлен: {'left': 79, 'top': 135, 'width': 1118, 'height': 513}
23:11:28 | DEBUG    | src.pik2video.app                   | Координаты переданы в контроллер
23:11:33 | DEBUG    | src.pik2video.app                   | Получены координаты: {'x1': 428, 'x2': 1272, 'y1': 50, 'y2': 585}
23:11:33 | DEBUG    | src.pik2video.application.controller | Регион установлен: {'left': 428, 'top': 50, 'width': 844, 'height': 535}
23:11:33 | DEBUG    | src.pik2video.app                   | Координаты переданы в контроллер
23:11:41 | DEBUG    | src.pik2video.app                   | Получены координаты: {'x1': 431, 'x2': 1257, 'y1': 55, 'y2': 579}
23:11:41 | DEBUG    | src.pik2video.application.controller | Регион установлен: {'left': 431, 'top': 55, 'width': 826, 'height': 524}
23:11:41 | DEBUG    | src.pik2video.app                   | Координаты переданы в контроллер
23:11:48 | INFO     | src.pik2video.application.controller | Запрошен CANCEL_SESSION
23:11:48 | DEBUG    | src.pik2video.application.controller | Очистка runtime-данных
23:11:48 | DEBUG    | src.pik2video.application.controller | Отправляем state_changed: AppState.IDLE
23:11:48 | DEBUG    | src.pik2video.app                   | Состояние: AppState.IDLE
23:11:48 | DEBUG    | src.pik2video.app                   | always_on_top=False, is_preparing=False, should=False, current=True, state=AppState.IDLE
23:11:48 | DEBUG    | src.pik2video.gui.windows           | retranslate_ui вызван, язык: ru
23:12:08 | INFO     | src.pik2video.application.controller | Запрошен PREPARING_VIDEO
23:12:08 | INFO     | src.pik2video.application.controller | FFmpeg найден
23:12:08 | DEBUG    | src.pik2video.application.controller | Отправляем state_changed: AppState.PREPARING_VIDEO
23:12:08 | DEBUG    | src.pik2video.app                   | Состояние: AppState.PREPARING_VIDEO
23:12:08 | DEBUG    | src.pik2video.app                   | always_on_top=False, is_preparing=True, should=True, current=False, state=AppState.PREPARING_VIDEO
23:12:08 | DEBUG    | src.pik2video.app                   | Показываем видео сессию в MainWindow
23:12:08 | DEBUG    | src.pik2video.app                   | Overlay показан
23:12:08 | DEBUG    | src.pik2video.app                   | Окно пресетов показано
23:12:24 | INFO     | src.pik2video.application.controller | Запрошен CANCEL_SESSION
23:12:24 | DEBUG    | src.pik2video.application.controller | Очистка runtime-данных
23:12:24 | DEBUG    | src.pik2video.application.controller | Отправляем state_changed: AppState.IDLE
23:12:24 | DEBUG    | src.pik2video.app                   | Состояние: AppState.IDLE
23:12:24 | DEBUG    | src.pik2video.app                   | always_on_top=False, is_preparing=False, should=False, current=True, state=AppState.IDLE
23:12:24 | DEBUG    | src.pik2video.gui.windows           | retranslate_ui вызван, язык: ru
23:12:27 | INFO     | src.pik2video.application.controller | Запрошен PREPARING_VIDEO
23:12:27 | INFO     | src.pik2video.application.controller | FFmpeg найден
23:12:27 | DEBUG    | src.pik2video.application.controller | Отправляем state_changed: AppState.PREPARING_VIDEO
23:12:27 | DEBUG    | src.pik2video.app                   | Состояние: AppState.PREPARING_VIDEO
23:12:27 | DEBUG    | src.pik2video.app                   | always_on_top=False, is_preparing=True, should=True, current=False, state=AppState.PREPARING_VIDEO
23:12:27 | DEBUG    | src.pik2video.app                   | Показываем видео сессию в MainWindow
23:12:27 | DEBUG    | src.pik2video.app                   | Overlay показан
23:12:27 | DEBUG    | src.pik2video.app                   | Окно пресетов показано
23:47:43 | INFO     | src.pik2video.application.controller | Запрошен CANCEL_SESSION
23:47:43 | DEBUG    | src.pik2video.application.controller | Очистка runtime-данных
23:47:43 | DEBUG    | src.pik2video.application.controller | Отправляем state_changed: AppState.IDLE
23:47:43 | DEBUG    | src.pik2video.app                   | Состояние: AppState.IDLE
23:47:43 | DEBUG    | src.pik2video.app                   | always_on_top=False, is_preparing=False, should=False, current=True, state=AppState.IDLE
23:47:43 | DEBUG    | src.pik2video.gui.windows           | retranslate_ui вызван, язык: ru
23:54:08 | INFO     | src.pik2video.application.controller | Запрошен PREPARING_VIDEO
23:54:08 | INFO     | src.pik2video.application.controller | FFmpeg найден
23:54:08 | DEBUG    | src.pik2video.application.controller | Отправляем state_changed: AppState.PREPARING_VIDEO
23:54:08 | DEBUG    | src.pik2video.app                   | Состояние: AppState.PREPARING_VIDEO
23:54:08 | DEBUG    | src.pik2video.app                   | always_on_top=False, is_preparing=True, should=True, current=False, state=AppState.PREPARING_VIDEO
23:54:08 | DEBUG    | src.pik2video.app                   | Показываем видео сессию в MainWindow
23:54:08 | DEBUG    | src.pik2video.app                   | Overlay показан
23:54:08 | DEBUG    | src.pik2video.app                   | Окно пресетов показано
23:54:19 | DEBUG    | src.pik2video.app                   | Получены координаты: {'x1': 46, 'x2': 784, 'y1': 51, 'y2': 603}
23:54:19 | DEBUG    | src.pik2video.application.controller | Регион установлен: {'left': 46, 'top': 51, 'width': 738, 'height': 552}
23:54:19 | DEBUG    | src.pik2video.app                   | Координаты переданы в контроллер
23:54:20 | DEBUG    | src.pik2video.app                   | Получены координаты: {'x1': 101, 'x2': 938, 'y1': 120, 'y2': 826}
23:54:20 | DEBUG    | src.pik2video.application.controller | Регион установлен: {'left': 101, 'top': 120, 'width': 837, 'height': 706}
23:54:20 | DEBUG    | src.pik2video.app                   | Координаты переданы в контроллер
23:54:23 | DEBUG    | src.pik2video.app                   | Получены координаты: {'x1': 117, 'x2': 1000, 'y1': 103, 'y2': 768}
23:54:23 | DEBUG    | src.pik2video.application.controller | Регион установлен: {'left': 117, 'top': 103, 'width': 883, 'height': 665}
23:54:23 | DEBUG    | src.pik2video.app                   | Координаты переданы в контроллер
23:54:25 | INFO     | src.pik2video.application.controller | Запрошен CANCEL_SESSION
23:54:25 | DEBUG    | src.pik2video.application.controller | Очистка runtime-данных
23:54:25 | DEBUG    | src.pik2video.application.controller | Отправляем state_changed: AppState.IDLE
23:54:25 | DEBUG    | src.pik2video.app                   | Состояние: AppState.IDLE
23:54:25 | DEBUG    | src.pik2video.app                   | always_on_top=False, is_preparing=False, should=False, current=True, state=AppState.IDLE
23:54:25 | DEBUG    | src.pik2video.gui.windows           | retranslate_ui вызван, язык: ru
23:54:26 | INFO     | src.pik2video.application.controller | Запрошен PREPARING_SCREEN
23:54:26 | INFO     | src.pik2video.application.controller | FFmpeg найден
23:54:26 | DEBUG    | src.pik2video.application.controller | Отправляем state_changed: AppState.PREPARING_SCREEN
23:54:26 | DEBUG    | src.pik2video.app                   | Состояние: AppState.PREPARING_SCREEN
23:54:26 | DEBUG    | src.pik2video.app                   | always_on_top=False, is_preparing=True, should=True, current=False, state=AppState.PREPARING_SCREEN
23:54:26 | DEBUG    | src.pik2video.app                   | Показываем screen сессию в MainWindow
23:54:26 | DEBUG    | src.pik2video.app                   | Overlay показан
23:54:26 | DEBUG    | src.pik2video.app                   | Окно пресетов показано
23:54:28 | DEBUG    | src.pik2video.gui.base              | SettingsDialog.__init__ - received controller type: <class 'src.pik2video.application.controller.AppController'>
23:54:28 | DEBUG    | src.pik2video.gui.base              | SettingsDialog.__init__ - after super, self.controller type: <class 'src.pik2video.application.controller.AppController'>
23:54:31 | INFO     | src.pik2video.application.controller | Запрошен CANCEL_SESSION
23:54:31 | DEBUG    | src.pik2video.application.controller | Очистка runtime-данных
23:54:31 | DEBUG    | src.pik2video.application.controller | Отправляем state_changed: AppState.IDLE
23:54:31 | DEBUG    | src.pik2video.app                   | Состояние: AppState.IDLE
23:54:31 | DEBUG    | src.pik2video.app                   | always_on_top=False, is_preparing=False, should=False, current=True, state=AppState.IDLE
23:54:31 | DEBUG    | src.pik2video.gui.windows           | retranslate_ui вызван, язык: ru
23:54:32 | INFO     | src.pik2video.application.controller | Запрошен PREPARING_VIDEO
23:54:32 | INFO     | src.pik2video.application.controller | FFmpeg найден
23:54:32 | DEBUG    | src.pik2video.application.controller | Отправляем state_changed: AppState.PREPARING_VIDEO
23:54:32 | DEBUG    | src.pik2video.app                   | Состояние: AppState.PREPARING_VIDEO
23:54:32 | DEBUG    | src.pik2video.app                   | always_on_top=False, is_preparing=True, should=True, current=False, state=AppState.PREPARING_VIDEO
23:54:32 | DEBUG    | src.pik2video.app                   | Показываем видео сессию в MainWindow
23:54:32 | DEBUG    | src.pik2video.app                   | Overlay показан
23:54:32 | DEBUG    | src.pik2video.app                   | Окно пресетов показано
23:54:33 | DEBUG    | src.pik2video.gui.base              | SettingsDialog.__init__ - received controller type: <class 'src.pik2video.application.controller.AppController'>
23:54:33 | DEBUG    | src.pik2video.gui.base              | SettingsDialog.__init__ - after super, self.controller type: <class 'src.pik2video.application.controller.AppController'>
23:54:37 | INFO     | src.pik2video.application.controller | Запрошен CANCEL_SESSION
23:54:37 | DEBUG    | src.pik2video.application.controller | Очистка runtime-данных
23:54:37 | DEBUG    | src.pik2video.application.controller | Отправляем state_changed: AppState.IDLE
23:54:37 | DEBUG    | src.pik2video.app                   | Состояние: AppState.IDLE
23:54:37 | DEBUG    | src.pik2video.app                   | always_on_top=False, is_preparing=False, should=False, current=True, state=AppState.IDLE
23:54:37 | DEBUG    | src.pik2video.gui.windows           | retranslate_ui вызван, язык: ru
00:20:11 | DEBUG    | src.pik2video.gui.windows           | AppSettingsDialog.__init__ - controller type: <class 'src.pik2video.application.controller.AppController'>
00:20:11 | DEBUG    | src.pik2video.gui.base              | SettingsDialog.__init__ - received controller type: <class 'src.pik2video.application.controller.AppController'>
00:20:11 | DEBUG    | src.pik2video.gui.base              | SettingsDialog.__init__ - after super, self.controller type: <class 'src.pik2video.application.controller.AppController'>
00:20:11 | DEBUG    | src.pik2video.gui.windows           | After SettingsDialog init - self.controller type: <class 'src.pik2video.application.controller.AppController'>
00:20:11 | DEBUG    | src.pik2video.gui.windows           | setup_localization - controller type: <class 'src.pik2video.application.controller.AppController'>
00:20:58 | INFO     | src.pik2video.application.controller | Запрошен PREPARING_VIDEO
00:20:58 | INFO     | src.pik2video.application.controller | FFmpeg найден
00:20:58 | DEBUG    | src.pik2video.application.controller | Отправляем state_changed: AppState.PREPARING_VIDEO
00:20:58 | DEBUG    | src.pik2video.app                   | Состояние: AppState.PREPARING_VIDEO
00:20:58 | DEBUG    | src.pik2video.app                   | always_on_top=False, is_preparing=True, should=True, current=False, state=AppState.PREPARING_VIDEO
00:20:58 | DEBUG    | src.pik2video.app                   | Показываем видео сессию в MainWindow
00:20:58 | DEBUG    | src.pik2video.app                   | Overlay показан
00:20:58 | DEBUG    | src.pik2video.app                   | Окно пресетов показано
00:21:00 | DEBUG    | src.pik2video.gui.base              | SettingsDialog.__init__ - received controller type: <class 'src.pik2video.application.controller.AppController'>
00:21:00 | DEBUG    | src.pik2video.gui.base              | SettingsDialog.__init__ - after super, self.controller type: <class 'src.pik2video.application.controller.AppController'>
00:21:19 | INFO     | src.pik2video.application.controller | Запрошен CANCEL_SESSION
00:21:19 | DEBUG    | src.pik2video.application.controller | Очистка runtime-данных
00:21:19 | DEBUG    | src.pik2video.application.controller | Отправляем state_changed: AppState.IDLE
00:21:19 | DEBUG    | src.pik2video.app                   | Состояние: AppState.IDLE
00:21:19 | DEBUG    | src.pik2video.app                   | always_on_top=False, is_preparing=False, should=False, current=True, state=AppState.IDLE
00:21:19 | DEBUG    | src.pik2video.gui.windows           | retranslate_ui вызван, язык: ru
00:21:21 | DEBUG    | src.pik2video.gui.windows           | вызван closeEvent. Текущая сессия завершена
